date,contract_preamble,expiry_date,mean,median,variance
2024-10-24,KXCPIYOY-24NOV,2024-12-11,2.8749459902873133,2.9,0.004032267573953861
2024-10-24,KXCPIYOY-25APR,2025-05-13,2.7351330582192963,2.7,0.008222862353940522
2024-10-24,KXCPIYOY-25FEB,2025-03-12,2.3819429346678973,2.4,0.014970675254979969
2024-10-24,KXCPIYOY-25JAN,2025-02-12,2.900070075129149,2.9,0.007610728960086678
2024-10-24,KXCPIYOY-25JUN,2025-06-10,2.9197364875305207,2.9,0.004978341961165088
2024-10-24,KXCPIYOY-25MAR,2025-04-10,2.8267438710551267,2.8,0.03764764291753559
2024-10-24,KXCPIYOY-25MAY,2025-06-10,2.497855821358632,2.5,0.011197125420446888
2024-10-25,KXCPIYOY-24NOV,2024-12-11,2.8749459902873133,2.9,0.004032267573953861
2024-10-25,KXCPIYOY-25APR,2025-05-13,2.7351330582192963,2.7,0.008222862353940522
2024-10-25,KXCPIYOY-25FEB,2025-03-12,2.3819429346678973,2.4,0.014970675254979969
2024-10-25,KXCPIYOY-25JAN,2025-02-12,2.900070075129149,2.9,0.007610728960086678
2024-10-25,KXCPIYOY-25JUN,2025-06-10,2.9197364875305207,2.9,0.004978341961165088
2024-10-25,KXCPIYOY-25MAR,2025-04-10,2.8267438710551267,2.8,0.03764764291753559
2024-10-25,KXCPIYOY-25MAY,2025-06-10,2.497855821358632,2.5,0.011197125420446888
2024-10-26,KXCPIYOY-24NOV,2024-12-11,2.8749459902873133,2.9,0.004032267573953861
2024-10-26,KXCPIYOY-25APR,2025-05-13,2.7351330582192963,2.7,0.008222862353940522
2024-10-26,KXCPIYOY-25FEB,2025-03-12,2.3819429346678973,2.4,0.014970675254979969
2024-10-26,KXCPIYOY-25JAN,2025-02-12,2.900070075129149,2.9,0.007610728960086678
2024-10-26,KXCPIYOY-25JUN,2025-06-10,2.9197364875305207,2.9,0.004978341961165088
2024-10-26,KXCPIYOY-25MAR,2025-04-10,2.8267438710551267,2.8,0.03764764291753559
2024-10-26,KXCPIYOY-25MAY,2025-06-10,2.497855821358632,2.5,0.011197125420446888
2024-10-27,KXCPIYOY-24NOV,2024-12-11,2.8749459902873133,2.9,0.004032267573953861
2024-10-27,KXCPIYOY-25APR,2025-05-13,2.7351330582192963,2.7,0.008222862353940522
2024-10-27,KXCPIYOY-25FEB,2025-03-12,2.3819429346678973,2.4,0.014970675254979969
2024-10-27,KXCPIYOY-25JAN,2025-02-12,2.900070075129149,2.9,0.007610728960086678
2024-10-27,KXCPIYOY-25JUN,2025-06-10,2.9197364875305207,2.9,0.004978341961165088
2024-10-27,KXCPIYOY-25MAR,2025-04-10,2.8267438710551267,2.8,0.03764764291753559
2024-10-27,KXCPIYOY-25MAY,2025-06-10,2.497855821358632,2.5,0.011197125420446888
2024-10-28,KXCPIYOY-24NOV,2024-12-11,2.8749459902873133,2.9,0.004032267573953861
2024-10-28,KXCPIYOY-25APR,2025-05-13,2.7351330582192963,2.7,0.008222862353940522
2024-10-28,KXCPIYOY-25FEB,2025-03-12,2.3819429346678973,2.4,0.014970675254979969
2024-10-28,KXCPIYOY-25JAN,2025-02-12,2.900070075129149,2.9,0.007610728960086678
2024-10-28,KXCPIYOY-25JUN,2025-06-10,2.9197364875305207,2.9,0.004978341961165088
2024-10-28,KXCPIYOY-25MAR,2025-04-10,2.8267438710551267,2.8,0.03764764291753559
2024-10-28,KXCPIYOY-25MAY,2025-06-10,2.497855821358632,2.5,0.011197125420446888
2024-10-29,KXCPIYOY-24NOV,2024-12-11,2.8749459902873133,2.9,0.004032267573953861
2024-10-29,KXCPIYOY-25APR,2025-05-13,2.7351330582192963,2.7,0.008222862353940522
2024-10-29,KXCPIYOY-25FEB,2025-03-12,2.3819429346678973,2.4,0.014970675254979969
2024-10-29,KXCPIYOY-25JAN,2025-02-12,2.900070075129149,2.9,0.007610728960086678
2024-10-29,KXCPIYOY-25JUN,2025-06-10,2.9197364875305207,2.9,0.004978341961165088
2024-10-29,KXCPIYOY-25MAR,2025-04-10,2.8267438710551267,2.8,0.03764764291753559
2024-10-29,KXCPIYOY-25MAY,2025-06-10,2.497855821358632,2.5,0.011197125420446888
2024-10-30,KXCPIYOY-24NOV,2024-12-11,2.8749459902873133,2.9,0.004032267573953861
2024-10-30,KXCPIYOY-25APR,2025-05-13,2.7351330582192963,2.7,0.008222862353940522
2024-10-30,KXCPIYOY-25FEB,2025-03-12,2.3819429346678973,2.4,0.014970675254979969
2024-10-30,KXCPIYOY-25JAN,2025-02-12,2.900070075129149,2.9,0.007610728960086678
2024-10-30,KXCPIYOY-25JUN,2025-06-10,2.9197364875305207,2.9,0.004978341961165088
2024-10-30,KXCPIYOY-25MAR,2025-04-10,2.8267438710551267,2.8,0.03764764291753559
2024-10-30,KXCPIYOY-25MAY,2025-06-10,2.497855821358632,2.5,0.011197125420446888
2024-10-31,KXCPIYOY-24NOV,2024-12-11,2.8749459902873133,2.9,0.004032267573953861
2024-10-31,KXCPIYOY-25APR,2025-05-13,2.7351330582192963,2.7,0.008222862353940522
2024-10-31,KXCPIYOY-25FEB,2025-03-12,2.3819429346678973,2.4,0.014970675254979969
2024-10-31,KXCPIYOY-25JAN,2025-02-12,2.900070075129149,2.9,0.007610728960086678
2024-10-31,KXCPIYOY-25JUN,2025-06-10,2.9197364875305207,2.9,0.004978341961165088
2024-10-31,KXCPIYOY-25MAR,2025-04-10,2.8267438710551267,2.8,0.03764764291753559
2024-10-31,KXCPIYOY-25MAY,2025-06-10,2.497855821358632,2.5,0.011197125420446888
2024-11-01,KXCPIYOY-24NOV,2024-12-11,2.8749459902873133,2.9,0.004032267573953861
2024-11-01,KXCPIYOY-25APR,2025-05-13,2.7351330582192963,2.7,0.008222862353940522
2024-11-01,KXCPIYOY-25FEB,2025-03-12,2.3819429346678973,2.4,0.014970675254979969
2024-11-01,KXCPIYOY-25JAN,2025-02-12,2.900070075129149,2.9,0.007610728960086678
2024-11-01,KXCPIYOY-25JUN,2025-06-10,2.9197364875305207,2.9,0.004978341961165088
2024-11-01,KXCPIYOY-25MAR,2025-04-10,2.8267438710551267,2.8,0.03764764291753559
2024-11-01,KXCPIYOY-25MAY,2025-06-10,2.497855821358632,2.5,0.011197125420446888
2024-11-02,KXCPIYOY-24NOV,2024-12-11,2.8749459902873133,2.9,0.004032267573953861
2024-11-02,KXCPIYOY-25APR,2025-05-13,2.7351330582192963,2.7,0.008222862353940522
2024-11-02,KXCPIYOY-25FEB,2025-03-12,2.3819429346678973,2.4,0.014970675254979969
2024-11-02,KXCPIYOY-25JAN,2025-02-12,2.900070075129149,2.9,0.007610728960086678
2024-11-02,KXCPIYOY-25JUN,2025-06-10,2.9197364875305207,2.9,0.004978341961165088
2024-11-02,KXCPIYOY-25MAR,2025-04-10,2.8267438710551267,2.8,0.03764764291753559
2024-11-02,KXCPIYOY-25MAY,2025-06-10,2.497855821358632,2.5,0.011197125420446888
2024-11-03,KXCPIYOY-24NOV,2024-12-11,2.8749459902873133,2.9,0.004032267573953861
2024-11-03,KXCPIYOY-25APR,2025-05-13,2.7351330582192963,2.7,0.008222862353940522
2024-11-03,KXCPIYOY-25FEB,2025-03-12,2.3819429346678973,2.4,0.014970675254979969
2024-11-03,KXCPIYOY-25JAN,2025-02-12,2.900070075129149,2.9,0.007610728960086678
2024-11-03,KXCPIYOY-25JUN,2025-06-10,2.9197364875305207,2.9,0.004978341961165088
2024-11-03,KXCPIYOY-25MAR,2025-04-10,2.8267438710551267,2.8,0.03764764291753559
2024-11-03,KXCPIYOY-25MAY,2025-06-10,2.497855821358632,2.5,0.011197125420446888
2024-11-04,KXCPIYOY-24NOV,2024-12-11,2.8749459902873133,2.9,0.004032267573953861
2024-11-04,KXCPIYOY-25APR,2025-05-13,2.7351330582192963,2.7,0.008222862353940522
2024-11-04,KXCPIYOY-25FEB,2025-03-12,2.3819429346678973,2.4,0.014970675254979969
2024-11-04,KXCPIYOY-25JAN,2025-02-12,2.900070075129149,2.9,0.007610728960086678
2024-11-04,KXCPIYOY-25JUN,2025-06-10,2.9197364875305207,2.9,0.004978341961165088
2024-11-04,KXCPIYOY-25MAR,2025-04-10,2.8267438710551267,2.8,0.03764764291753559
2024-11-04,KXCPIYOY-25MAY,2025-06-10,2.497855821358632,2.5,0.011197125420446888
2024-11-05,KXCPIYOY-24NOV,2024-12-11,2.8749459902873133,2.9,0.004032267573953861
2024-11-05,KXCPIYOY-25APR,2025-05-13,2.7351330582192963,2.7,0.008222862353940522
2024-11-05,KXCPIYOY-25FEB,2025-03-12,2.3819429346678973,2.4,0.014970675254979969
2024-11-05,KXCPIYOY-25JAN,2025-02-12,2.900070075129149,2.9,0.007610728960086678
2024-11-05,KXCPIYOY-25JUN,2025-06-10,2.9197364875305207,2.9,0.004978341961165088
2024-11-05,KXCPIYOY-25MAR,2025-04-10,2.8267438710551267,2.8,0.03764764291753559
2024-11-05,KXCPIYOY-25MAY,2025-06-10,2.497855821358632,2.5,0.011197125420446888
2024-11-06,KXCPIYOY-24NOV,2024-12-11,2.8749459902873133,2.9,0.004032267573953861
2024-11-06,KXCPIYOY-25APR,2025-05-13,2.7351330582192963,2.7,0.008222862353940522
2024-11-06,KXCPIYOY-25FEB,2025-03-12,2.3819429346678973,2.4,0.014970675254979969
2024-11-06,KXCPIYOY-25JAN,2025-02-12,2.900070075129149,2.9,0.007610728960086678
2024-11-06,KXCPIYOY-25JUN,2025-06-10,2.9197364875305207,2.9,0.004978341961165088
2024-11-06,KXCPIYOY-25MAR,2025-04-10,2.8267438710551267,2.8,0.03764764291753559
2024-11-06,KXCPIYOY-25MAY,2025-06-10,2.497855821358632,2.5,0.011197125420446888
2024-11-07,KXCPIYOY-24NOV,2024-12-11,2.8749459902873133,2.9,0.004032267573953861
2024-11-07,KXCPIYOY-25APR,2025-05-13,2.7351330582192963,2.7,0.008222862353940522
2024-11-07,KXCPIYOY-25FEB,2025-03-12,2.3819429346678973,2.4,0.014970675254979969
2024-11-07,KXCPIYOY-25JAN,2025-02-12,2.900070075129149,2.9,0.007610728960086678
2024-11-07,KXCPIYOY-25JUN,2025-06-10,2.9197364875305207,2.9,0.004978341961165088
2024-11-07,KXCPIYOY-25MAR,2025-04-10,2.8267438710551267,2.8,0.03764764291753559
2024-11-07,KXCPIYOY-25MAY,2025-06-10,2.497855821358632,2.5,0.011197125420446888
2024-11-08,KXCPIYOY-24NOV,2024-12-11,2.8749459902873133,2.9,0.004032267573953861
2024-11-08,KXCPIYOY-25APR,2025-05-13,2.7351330582192963,2.7,0.008222862353940522
2024-11-08,KXCPIYOY-25FEB,2025-03-12,2.3819429346678973,2.4,0.014970675254979969
2024-11-08,KXCPIYOY-25JAN,2025-02-12,2.900070075129149,2.9,0.007610728960086678
2024-11-08,KXCPIYOY-25JUN,2025-06-10,2.9197364875305207,2.9,0.004978341961165088
2024-11-08,KXCPIYOY-25MAR,2025-04-10,2.8267438710551267,2.8,0.03764764291753559
2024-11-08,KXCPIYOY-25MAY,2025-06-10,2.497855821358632,2.5,0.011197125420446888
2024-11-09,KXCPIYOY-24NOV,2024-12-11,3,3,0
2024-11-09,KXCPIYOY-25APR,2025-05-13,2.7351330582192963,2.7,0.008222862353940522
2024-11-09,KXCPIYOY-25FEB,2025-03-12,2.3819429346678973,2.4,0.014970675254979969
2024-11-09,KXCPIYOY-25JAN,2025-02-12,2.900070075129149,2.9,0.007610728960086678
2024-11-09,KXCPIYOY-25JUN,2025-06-10,2.9197364875305207,2.9,0.004978341961165088
2024-11-09,KXCPIYOY-25MAR,2025-04-10,2.8267438710551267,2.8,0.03764764291753559
2024-11-09,KXCPIYOY-25MAY,2025-06-10,2.497855821358632,2.5,0.011197125420446888
2024-11-10,KXCPIYOY-24NOV,2024-12-11,3,3,0
2024-11-10,KXCPIYOY-25APR,2025-05-13,2.7351330582192963,2.7,0.008222862353940522
2024-11-10,KXCPIYOY-25FEB,2025-03-12,2.3819429346678973,2.4,0.014970675254979969
2024-11-10,KXCPIYOY-25JAN,2025-02-12,2.900070075129149,2.9,0.007610728960086678
2024-11-10,KXCPIYOY-25JUN,2025-06-10,2.9197364875305207,2.9,0.004978341961165088
2024-11-10,KXCPIYOY-25MAR,2025-04-10,2.8267438710551267,2.8,0.03764764291753559
2024-11-10,KXCPIYOY-25MAY,2025-06-10,2.497855821358632,2.5,0.011197125420446888
2024-11-11,KXCPIYOY-24NOV,2024-12-11,3,3,0
2024-11-11,KXCPIYOY-25APR,2025-05-13,2.7351330582192963,2.7,0.008222862353940522
2024-11-11,KXCPIYOY-25FEB,2025-03-12,2.3819429346678973,2.4,0.014970675254979969
2024-11-11,KXCPIYOY-25JAN,2025-02-12,2.900070075129149,2.9,0.007610728960086678
2024-11-11,KXCPIYOY-25JUN,2025-06-10,2.9197364875305207,2.9,0.004978341961165088
2024-11-11,KXCPIYOY-25MAR,2025-04-10,2.8267438710551267,2.8,0.03764764291753559
2024-11-11,KXCPIYOY-25MAY,2025-06-10,2.497855821358632,2.5,0.011197125420446888
2024-11-12,KXCPIYOY-24NOV,2024-12-11,3,3,0
2024-11-12,KXCPIYOY-25APR,2025-05-13,2.7351330582192963,2.7,0.008222862353940522
2024-11-12,KXCPIYOY-25FEB,2025-03-12,2.3819429346678973,2.4,0.014970675254979969
2024-11-12,KXCPIYOY-25JAN,2025-02-12,2.900070075129149,2.9,0.007610728960086678
2024-11-12,KXCPIYOY-25JUN,2025-06-10,2.9197364875305207,2.9,0.004978341961165088
2024-11-12,KXCPIYOY-25MAR,2025-04-10,2.8267438710551267,2.8,0.03764764291753559
2024-11-12,KXCPIYOY-25MAY,2025-06-10,2.497855821358632,2.5,0.011197125420446888
2024-11-13,KXCPIYOY-24NOV,2024-12-11,2.687578130750295,2.7,0.009145932235857418
2024-11-13,KXCPIYOY-25APR,2025-05-13,2.7351330582192963,2.7,0.008222862353940522
2024-11-13,KXCPIYOY-25FEB,2025-03-12,2.3819429346678973,2.4,0.014970675254979969
2024-11-13,KXCPIYOY-25JAN,2025-02-12,2.900070075129149,2.9,0.007610728960086678
2024-11-13,KXCPIYOY-25JUN,2025-06-10,2.9197364875305207,2.9,0.004978341961165088
2024-11-13,KXCPIYOY-25MAR,2025-04-10,2.8267438710551267,2.8,0.03764764291753559
2024-11-13,KXCPIYOY-25MAY,2025-06-10,2.497855821358632,2.5,0.011197125420446888
2024-11-14,KXCPIYOY-24NOV,2024-12-11,2.700295988861198,2.7,0.008028361651017904
2024-11-14,KXCPIYOY-25APR,2025-05-13,2.7351330582192963,2.7,0.008222862353940522
2024-11-14,KXCPIYOY-25FEB,2025-03-12,2.3819429346678973,2.4,0.014970675254979969
2024-11-14,KXCPIYOY-25JAN,2025-02-12,2.900070075129149,2.9,0.007610728960086678
2024-11-14,KXCPIYOY-25JUN,2025-06-10,2.9197364875305207,2.9,0.004978341961165088
2024-11-14,KXCPIYOY-25MAR,2025-04-10,2.8267438710551267,2.8,0.03764764291753559
2024-11-14,KXCPIYOY-25MAY,2025-06-10,2.497855821358632,2.5,0.011197125420446888
2024-11-15,KXCPIYOY-24NOV,2024-12-11,2.7339104658038527,2.7,0.016256572019337452
2024-11-15,KXCPIYOY-25APR,2025-05-13,2.7351330582192963,2.7,0.008222862353940522
2024-11-15,KXCPIYOY-25FEB,2025-03-12,2.3819429346678973,2.4,0.014970675254979969
2024-11-15,KXCPIYOY-25JAN,2025-02-12,2.900070075129149,2.9,0.007610728960086678
2024-11-15,KXCPIYOY-25JUN,2025-06-10,2.9197364875305207,2.9,0.004978341961165088
2024-11-15,KXCPIYOY-25MAR,2025-04-10,2.8267438710551267,2.8,0.03764764291753559
2024-11-15,KXCPIYOY-25MAY,2025-06-10,2.497855821358632,2.5,0.011197125420446888
2024-11-16,KXCPIYOY-24NOV,2024-12-11,2.7398761219839534,2.7,0.014634977366979001
2024-11-16,KXCPIYOY-25APR,2025-05-13,2.7351330582192963,2.7,0.008222862353940522
2024-11-16,KXCPIYOY-25FEB,2025-03-12,2.3819429346678973,2.4,0.014970675254979969
2024-11-16,KXCPIYOY-25JAN,2025-02-12,2.900070075129149,2.9,0.007610728960086678
2024-11-16,KXCPIYOY-25JUN,2025-06-10,2.9197364875305207,2.9,0.004978341961165088
2024-11-16,KXCPIYOY-25MAR,2025-04-10,2.8267438710551267,2.8,0.03764764291753559
2024-11-16,KXCPIYOY-25MAY,2025-06-10,2.497855821358632,2.5,0.011197125420446888
2024-11-17,KXCPIYOY-24NOV,2024-12-11,2.765060877325629,2.8,0.009977634612680471
2024-11-17,KXCPIYOY-25APR,2025-05-13,2.7351330582192963,2.7,0.008222862353940522
2024-11-17,KXCPIYOY-25FEB,2025-03-12,2.3819429346678973,2.4,0.014970675254979969
2024-11-17,KXCPIYOY-25JAN,2025-02-12,2.900070075129149,2.9,0.007610728960086678
2024-11-17,KXCPIYOY-25JUN,2025-06-10,2.9197364875305207,2.9,0.004978341961165088
2024-11-17,KXCPIYOY-25MAR,2025-04-10,2.8267438710551267,2.8,0.03764764291753559
2024-11-17,KXCPIYOY-25MAY,2025-06-10,2.497855821358632,2.5,0.011197125420446888
2024-11-18,KXCPIYOY-24NOV,2024-12-11,2.7263246214762638,2.7,0.011237302274526186
2024-11-18,KXCPIYOY-25APR,2025-05-13,2.7351330582192963,2.7,0.008222862353940522
2024-11-18,KXCPIYOY-25FEB,2025-03-12,2.3819429346678973,2.4,0.014970675254979969
2024-11-18,KXCPIYOY-25JAN,2025-02-12,2.900070075129149,2.9,0.007610728960086678
2024-11-18,KXCPIYOY-25JUN,2025-06-10,2.9197364875305207,2.9,0.004978341961165088
2024-11-18,KXCPIYOY-25MAR,2025-04-10,2.8267438710551267,2.8,0.03764764291753559
2024-11-18,KXCPIYOY-25MAY,2025-06-10,2.497855821358632,2.5,0.011197125420446888
2024-11-19,KXCPIYOY-24NOV,2024-12-11,2.735408414130417,2.7,0.012264399679746964
2024-11-19,KXCPIYOY-25APR,2025-05-13,2.7351330582192963,2.7,0.008222862353940522
2024-11-19,KXCPIYOY-25FEB,2025-03-12,2.3819429346678973,2.4,0.014970675254979969
2024-11-19,KXCPIYOY-25JAN,2025-02-12,2.900070075129149,2.9,0.007610728960086678
2024-11-19,KXCPIYOY-25JUN,2025-06-10,2.9197364875305207,2.9,0.004978341961165088
2024-11-19,KXCPIYOY-25MAR,2025-04-10,2.8267438710551267,2.8,0.03764764291753559
2024-11-19,KXCPIYOY-25MAY,2025-06-10,2.497855821358632,2.5,0.011197125420446888
2024-11-20,KXCPIYOY-24NOV,2024-12-11,2.731581652873882,2.7,0.012975639492776062
2024-11-20,KXCPIYOY-25APR,2025-05-13,2.7351330582192963,2.7,0.008222862353940522
2024-11-20,KXCPIYOY-25FEB,2025-03-12,2.3819429346678973,2.4,0.014970675254979969
2024-11-20,KXCPIYOY-25JAN,2025-02-12,2.900070075129149,2.9,0.007610728960086678
2024-11-20,KXCPIYOY-25JUN,2025-06-10,2.9197364875305207,2.9,0.004978341961165088
2024-11-20,KXCPIYOY-25MAR,2025-04-10,2.8267438710551267,2.8,0.03764764291753559
2024-11-20,KXCPIYOY-25MAY,2025-06-10,2.497855821358632,2.5,0.011197125420446888
2024-11-21,KXCPIYOY-24NOV,2024-12-11,2.715696855583584,2.7,0.017255062787368096
2024-11-21,KXCPIYOY-25APR,2025-05-13,2.7351330582192963,2.7,0.008222862353940522
2024-11-21,KXCPIYOY-25FEB,2025-03-12,2.3819429346678973,2.4,0.014970675254979969
2024-11-21,KXCPIYOY-25JAN,2025-02-12,2.900070075129149,2.9,0.007610728960086678
2024-11-21,KXCPIYOY-25JUN,2025-06-10,2.9197364875305207,2.9,0.004978341961165088
2024-11-21,KXCPIYOY-25MAR,2025-04-10,2.8267438710551267,2.8,0.03764764291753559
2024-11-21,KXCPIYOY-25MAY,2025-06-10,2.497855821358632,2.5,0.011197125420446888
2024-11-22,KXCPIYOY-24NOV,2024-12-11,2.70919008786309,2.7,0.018956129043552376
2024-11-22,KXCPIYOY-25APR,2025-05-13,2.7351330582192963,2.7,0.008222862353940522
2024-11-22,KXCPIYOY-25FEB,2025-03-12,2.3819429346678973,2.4,0.014970675254979969
2024-11-22,KXCPIYOY-25JAN,2025-02-12,2.900070075129149,2.9,0.007610728960086678
2024-11-22,KXCPIYOY-25JUN,2025-06-10,2.9197364875305207,2.9,0.004978341961165088
2024-11-22,KXCPIYOY-25MAR,2025-04-10,2.8267438710551267,2.8,0.03764764291753559
2024-11-22,KXCPIYOY-25MAY,2025-06-10,2.497855821358632,2.5,0.011197125420446888
2024-11-23,KXCPIYOY-24NOV,2024-12-11,2.708200171036782,2.7,0.018739731362963405
2024-11-23,KXCPIYOY-25APR,2025-05-13,2.7351330582192963,2.7,0.008222862353940522
2024-11-23,KXCPIYOY-25FEB,2025-03-12,2.3819429346678973,2.4,0.014970675254979969
2024-11-23,KXCPIYOY-25JAN,2025-02-12,2.900070075129149,2.9,0.007610728960086678
2024-11-23,KXCPIYOY-25JUN,2025-06-10,2.9197364875305207,2.9,0.004978341961165088
2024-11-23,KXCPIYOY-25MAR,2025-04-10,2.8267438710551267,2.8,0.03764764291753559
2024-11-23,KXCPIYOY-25MAY,2025-06-10,2.497855821358632,2.5,0.011197125420446888
2024-11-24,KXCPIYOY-24NOV,2024-12-11,2.7131224284620594,2.7,0.018525543266260863
2024-11-24,KXCPIYOY-25APR,2025-05-13,2.7351330582192963,2.7,0.008222862353940522
2024-11-24,KXCPIYOY-25FEB,2025-03-12,2.3819429346678973,2.4,0.014970675254979969
2024-11-24,KXCPIYOY-25JAN,2025-02-12,2.900070075129149,2.9,0.007610728960086678
2024-11-24,KXCPIYOY-25JUN,2025-06-10,2.9197364875305207,2.9,0.004978341961165088
2024-11-24,KXCPIYOY-25MAR,2025-04-10,2.8267438710551267,2.8,0.03764764291753559
2024-11-24,KXCPIYOY-25MAY,2025-06-10,2.497855821358632,2.5,0.011197125420446888
2024-11-25,KXCPIYOY-24NOV,2024-12-11,2.7174467346401623,2.7,0.017942467374594418
2024-11-25,KXCPIYOY-25APR,2025-05-13,2.7351330582192963,2.7,0.008222862353940522
2024-11-25,KXCPIYOY-25FEB,2025-03-12,2.3819429346678973,2.4,0.014970675254979969
2024-11-25,KXCPIYOY-25JAN,2025-02-12,2.900070075129149,2.9,0.007610728960086678
2024-11-25,KXCPIYOY-25JUN,2025-06-10,2.9197364875305207,2.9,0.004978341961165088
2024-11-25,KXCPIYOY-25MAR,2025-04-10,2.8267438710551267,2.8,0.03764764291753559
2024-11-25,KXCPIYOY-25MAY,2025-06-10,2.497855821358632,2.5,0.011197125420446888
2024-11-26,KXCPIYOY-24NOV,2024-12-11,2.7120903329917216,2.7,0.018541372728330088
2024-11-26,KXCPIYOY-25APR,2025-05-13,2.7351330582192963,2.7,0.008222862353940522
2024-11-26,KXCPIYOY-25FEB,2025-03-12,2.3819429346678973,2.4,0.014970675254979969
2024-11-26,KXCPIYOY-25JAN,2025-02-12,2.900070075129149,2.9,0.007610728960086678
2024-11-26,KXCPIYOY-25JUN,2025-06-10,2.9197364875305207,2.9,0.004978341961165088
2024-11-26,KXCPIYOY-25MAR,2025-04-10,2.8267438710551267,2.8,0.03764764291753559
2024-11-26,KXCPIYOY-25MAY,2025-06-10,2.497855821358632,2.5,0.011197125420446888
2024-11-27,KXCPIYOY-24NOV,2024-12-11,2.7260905577605143,2.7,0.01757144510653047
2024-11-27,KXCPIYOY-25APR,2025-05-13,2.7351330582192963,2.7,0.008222862353940522
2024-11-27,KXCPIYOY-25FEB,2025-03-12,2.3819429346678973,2.4,0.014970675254979969
2024-11-27,KXCPIYOY-25JAN,2025-02-12,2.900070075129149,2.9,0.007610728960086678
2024-11-27,KXCPIYOY-25JUN,2025-06-10,2.9197364875305207,2.9,0.004978341961165088
2024-11-27,KXCPIYOY-25MAR,2025-04-10,2.8267438710551267,2.8,0.03764764291753559
2024-11-27,KXCPIYOY-25MAY,2025-06-10,2.497855821358632,2.5,0.011197125420446888
2024-11-28,KXCPIYOY-24NOV,2024-12-11,2.7298685683055552,2.7,0.018916968700630667
2024-11-28,KXCPIYOY-25APR,2025-05-13,2.7351330582192963,2.7,0.008222862353940522
2024-11-28,KXCPIYOY-25FEB,2025-03-12,2.3819429346678973,2.4,0.014970675254979969
2024-11-28,KXCPIYOY-25JAN,2025-02-12,2.900070075129149,2.9,0.007610728960086678
2024-11-28,KXCPIYOY-25JUN,2025-06-10,2.9197364875305207,2.9,0.004978341961165088
2024-11-28,KXCPIYOY-25MAR,2025-04-10,2.8267438710551267,2.8,0.03764764291753559
2024-11-28,KXCPIYOY-25MAY,2025-06-10,2.497855821358632,2.5,0.011197125420446888
2024-11-29,KXCPIYOY-24NOV,2024-12-11,2.7062264226059836,2.7,0.02345047050172105
2024-11-29,KXCPIYOY-25APR,2025-05-13,2.7351330582192963,2.7,0.008222862353940522
2024-11-29,KXCPIYOY-25FEB,2025-03-12,2.3819429346678973,2.4,0.014970675254979969
2024-11-29,KXCPIYOY-25JAN,2025-02-12,2.900070075129149,2.9,0.007610728960086678
2024-11-29,KXCPIYOY-25JUN,2025-06-10,2.9197364875305207,2.9,0.004978341961165088
2024-11-29,KXCPIYOY-25MAR,2025-04-10,2.8267438710551267,2.8,0.03764764291753559
2024-11-29,KXCPIYOY-25MAY,2025-06-10,2.497855821358632,2.5,0.011197125420446888
2024-11-30,KXCPIYOY-24NOV,2024-12-11,2.7241691943302353,2.7,0.017221302985579553
2024-11-30,KXCPIYOY-25APR,2025-05-13,2.7351330582192963,2.7,0.008222862353940522
2024-11-30,KXCPIYOY-25FEB,2025-03-12,2.3819429346678973,2.4,0.014970675254979969
2024-11-30,KXCPIYOY-25JAN,2025-02-12,2.900070075129149,2.9,0.007610728960086678
2024-11-30,KXCPIYOY-25JUN,2025-06-10,2.9197364875305207,2.9,0.004978341961165088
2024-11-30,KXCPIYOY-25MAR,2025-04-10,2.8267438710551267,2.8,0.03764764291753559
2024-11-30,KXCPIYOY-25MAY,2025-06-10,2.497855821358632,2.5,0.011197125420446888
2024-12-01,KXCPIYOY-24NOV,2024-12-11,2.722583551930771,2.7,0.017570835368664904
2024-12-01,KXCPIYOY-25APR,2025-05-13,2.7351330582192963,2.7,0.008222862353940522
2024-12-01,KXCPIYOY-25FEB,2025-03-12,2.3819429346678973,2.4,0.014970675254979969
2024-12-01,KXCPIYOY-25JAN,2025-02-12,2.900070075129149,2.9,0.007610728960086678
2024-12-01,KXCPIYOY-25JUN,2025-06-10,2.9197364875305207,2.9,0.004978341961165088
2024-12-01,KXCPIYOY-25MAR,2025-04-10,2.8267438710551267,2.8,0.03764764291753559
2024-12-01,KXCPIYOY-25MAY,2025-06-10,2.497855821358632,2.5,0.011197125420446888
2024-12-02,KXCPIYOY-24NOV,2024-12-11,2.7288800171703427,2.7,0.013330342548470844
2024-12-02,KXCPIYOY-25APR,2025-05-13,2.7351330582192963,2.7,0.008222862353940522
2024-12-02,KXCPIYOY-25FEB,2025-03-12,2.3819429346678973,2.4,0.014970675254979969
2024-12-02,KXCPIYOY-25JAN,2025-02-12,2.900070075129149,2.9,0.007610728960086678
2024-12-02,KXCPIYOY-25JUN,2025-06-10,2.9197364875305207,2.9,0.004978341961165088
2024-12-02,KXCPIYOY-25MAR,2025-04-10,2.8267438710551267,2.8,0.03764764291753559
2024-12-02,KXCPIYOY-25MAY,2025-06-10,2.497855821358632,2.5,0.011197125420446888
2024-12-03,KXCPIYOY-24NOV,2024-12-11,2.7333287166968807,2.7,0.013002168449336686
2024-12-03,KXCPIYOY-25APR,2025-05-13,2.7351330582192963,2.7,0.008222862353940522
2024-12-03,KXCPIYOY-25FEB,2025-03-12,2.3819429346678973,2.4,0.014970675254979969
2024-12-03,KXCPIYOY-25JAN,2025-02-12,2.900070075129149,2.9,0.007610728960086678
2024-12-03,KXCPIYOY-25JUN,2025-06-10,2.9197364875305207,2.9,0.004978341961165088
2024-12-03,KXCPIYOY-25MAR,2025-04-10,2.8267438710551267,2.8,0.03764764291753559
2024-12-03,KXCPIYOY-25MAY,2025-06-10,2.497855821358632,2.5,0.011197125420446888
2024-12-04,KXCPIYOY-24NOV,2024-12-11,2.7314550941854474,2.7,0.012062313874009231
2024-12-04,KXCPIYOY-25APR,2025-05-13,2.7351330582192963,2.7,0.008222862353940522
2024-12-04,KXCPIYOY-25FEB,2025-03-12,2.3819429346678973,2.4,0.014970675254979969
2024-12-04,KXCPIYOY-25JAN,2025-02-12,2.900070075129149,2.9,0.007610728960086678
2024-12-04,KXCPIYOY-25JUN,2025-06-10,2.9197364875305207,2.9,0.004978341961165088
2024-12-04,KXCPIYOY-25MAR,2025-04-10,2.8267438710551267,2.8,0.03764764291753559
2024-12-04,KXCPIYOY-25MAY,2025-06-10,2.497855821358632,2.5,0.011197125420446888
2024-12-05,KXCPIYOY-24NOV,2024-12-11,2.7314479893904426,2.7,0.012154053128424344
2024-12-05,KXCPIYOY-25APR,2025-05-13,2.7351330582192963,2.7,0.008222862353940522
2024-12-05,KXCPIYOY-25FEB,2025-03-12,2.3819429346678973,2.4,0.014970675254979969
2024-12-05,KXCPIYOY-25JAN,2025-02-12,2.900070075129149,2.9,0.007610728960086678
2024-12-05,KXCPIYOY-25JUN,2025-06-10,2.9197364875305207,2.9,0.004978341961165088
2024-12-05,KXCPIYOY-25MAR,2025-04-10,2.8267438710551267,2.8,0.03764764291753559
2024-12-05,KXCPIYOY-25MAY,2025-06-10,2.497855821358632,2.5,0.011197125420446888
2024-12-06,KXCPIYOY-24NOV,2024-12-11,2.7339695630971406,2.7,0.01149510740043331
2024-12-06,KXCPIYOY-25APR,2025-05-13,2.7351330582192963,2.7,0.008222862353940522
2024-12-06,KXCPIYOY-25FEB,2025-03-12,2.3819429346678973,2.4,0.014970675254979969
2024-12-06,KXCPIYOY-25JAN,2025-02-12,2.900070075129149,2.9,0.007610728960086678
2024-12-06,KXCPIYOY-25JUN,2025-06-10,2.9197364875305207,2.9,0.004978341961165088
2024-12-06,KXCPIYOY-25MAR,2025-04-10,2.8267438710551267,2.8,0.03764764291753559
2024-12-06,KXCPIYOY-25MAY,2025-06-10,2.497855821358632,2.5,0.011197125420446888
2024-12-07,KXCPIYOY-24NOV,2024-12-11,2.727678206203268,2.7,0.0109930850672179
2024-12-07,KXCPIYOY-25APR,2025-05-13,2.7351330582192963,2.7,0.008222862353940522
2024-12-07,KXCPIYOY-25FEB,2025-03-12,2.3819429346678973,2.4,0.014970675254979969
2024-12-07,KXCPIYOY-25JAN,2025-02-12,2.900070075129149,2.9,0.007610728960086678
2024-12-07,KXCPIYOY-25JUN,2025-06-10,2.9197364875305207,2.9,0.004978341961165088
2024-12-07,KXCPIYOY-25MAR,2025-04-10,2.8267438710551267,2.8,0.03764764291753559
2024-12-07,KXCPIYOY-25MAY,2025-06-10,2.497855821358632,2.5,0.011197125420446888
2024-12-08,KXCPIYOY-24NOV,2024-12-11,2.7259559546732253,2.7,0.01055882127623658
2024-12-08,KXCPIYOY-25APR,2025-05-13,2.7351330582192963,2.7,0.008222862353940522
2024-12-08,KXCPIYOY-25FEB,2025-03-12,2.3819429346678973,2.4,0.014970675254979969
2024-12-08,KXCPIYOY-25JAN,2025-02-12,2.900070075129149,2.9,0.007610728960086678
2024-12-08,KXCPIYOY-25JUN,2025-06-10,2.9197364875305207,2.9,0.004978341961165088
2024-12-08,KXCPIYOY-25MAR,2025-04-10,2.8267438710551267,2.8,0.03764764291753559
2024-12-08,KXCPIYOY-25MAY,2025-06-10,2.497855821358632,2.5,0.011197125420446888
2024-12-09,KXCPIYOY-24NOV,2024-12-11,2.7312089821484453,2.7,0.010749357504286867
2024-12-09,KXCPIYOY-25APR,2025-05-13,2.7351330582192963,2.7,0.008222862353940522
2024-12-09,KXCPIYOY-25FEB,2025-03-12,2.3819429346678973,2.4,0.014970675254979969
2024-12-09,KXCPIYOY-25JAN,2025-02-12,2.900070075129149,2.9,0.007610728960086678
2024-12-09,KXCPIYOY-25JUN,2025-06-10,2.9197364875305207,2.9,0.004978341961165088
2024-12-09,KXCPIYOY-25MAR,2025-04-10,2.8267438710551267,2.8,0.03764764291753559
2024-12-09,KXCPIYOY-25MAY,2025-06-10,2.497855821358632,2.5,0.011197125420446888
2024-12-10,KXCPIYOY-24NOV,2024-12-11,2.7404886115178106,2.7,0.00922960215117794
2024-12-10,KXCPIYOY-25APR,2025-05-13,2.7351330582192963,2.7,0.008222862353940522
2024-12-10,KXCPIYOY-25FEB,2025-03-12,2.3819429346678973,2.4,0.014970675254979969
2024-12-10,KXCPIYOY-25JAN,2025-02-12,2.900070075129149,2.9,0.007610728960086678
2024-12-10,KXCPIYOY-25JUN,2025-06-10,2.9197364875305207,2.9,0.004978341961165088
2024-12-10,KXCPIYOY-25MAR,2025-04-10,2.8267438710551267,2.8,0.03764764291753559
2024-12-10,KXCPIYOY-25MAY,2025-06-10,2.497855821358632,2.5,0.011197125420446888
2024-12-11,KXCPIYOY-24DEC,2025-01-15,2.775591605204982,2.8,0.002776713516141076
2024-12-11,KXCPIYOY-24NOV,2024-12-11,2.7351330582192963,2.7,0.008222862353940522
2024-12-11,KXCPIYOY-25APR,2025-05-13,2.7351330582192963,2.7,0.008222862353940522
2024-12-11,KXCPIYOY-25FEB,2025-03-12,2.3819429346678973,2.4,0.014970675254979969
2024-12-11,KXCPIYOY-25JAN,2025-02-12,2.900070075129149,2.9,0.007610728960086678
2024-12-11,KXCPIYOY-25JUN,2025-06-10,2.9197364875305207,2.9,0.004978341961165088
2024-12-11,KXCPIYOY-25MAR,2025-04-10,2.8267438710551267,2.8,0.03764764291753559
2024-12-11,KXCPIYOY-25MAY,2025-06-10,2.497855821358632,2.5,0.011197125420446888
2024-12-12,KXCPIYOY-24DEC,2025-01-15,2.8360837903905605,2.8,0.00870610847890632
2024-12-12,KXCPIYOY-25APR,2025-05-13,2.7351330582192963,2.7,0.008222862353940522
2024-12-12,KXCPIYOY-25FEB,2025-03-12,2.3819429346678973,2.4,0.014970675254979969
2024-12-12,KXCPIYOY-25JAN,2025-02-12,2.900070075129149,2.9,0.007610728960086678
2024-12-12,KXCPIYOY-25JUN,2025-06-10,2.9197364875305207,2.9,0.004978341961165088
2024-12-12,KXCPIYOY-25MAR,2025-04-10,2.8267438710551267,2.8,0.03764764291753559
2024-12-12,KXCPIYOY-25MAY,2025-06-10,2.497855821358632,2.5,0.011197125420446888
2024-12-13,KXCPIYOY-24DEC,2025-01-15,2.819612149064817,2.8,0.014117206123971894
2024-12-13,KXCPIYOY-25APR,2025-05-13,2.7351330582192963,2.7,0.008222862353940522
2024-12-13,KXCPIYOY-25FEB,2025-03-12,2.3819429346678973,2.4,0.014970675254979969
2024-12-13,KXCPIYOY-25JAN,2025-02-12,2.900070075129149,2.9,0.007610728960086678
2024-12-13,KXCPIYOY-25JUN,2025-06-10,2.9197364875305207,2.9,0.004978341961165088
2024-12-13,KXCPIYOY-25MAR,2025-04-10,2.8267438710551267,2.8,0.03764764291753559
2024-12-13,KXCPIYOY-25MAY,2025-06-10,2.497855821358632,2.5,0.011197125420446888
2024-12-14,KXCPIYOY-24DEC,2025-01-15,2.8106331135261113,2.8,0.01307874674411995
2024-12-14,KXCPIYOY-25APR,2025-05-13,2.7351330582192963,2.7,0.008222862353940522
2024-12-14,KXCPIYOY-25FEB,2025-03-12,2.3819429346678973,2.4,0.014970675254979969
2024-12-14,KXCPIYOY-25JAN,2025-02-12,2.900070075129149,2.9,0.007610728960086678
2024-12-14,KXCPIYOY-25JUN,2025-06-10,2.9197364875305207,2.9,0.004978341961165088
2024-12-14,KXCPIYOY-25MAR,2025-04-10,2.8267438710551267,2.8,0.03764764291753559
2024-12-14,KXCPIYOY-25MAY,2025-06-10,2.497855821358632,2.5,0.011197125420446888
2024-12-15,KXCPIYOY-24DEC,2025-01-15,2.8230831272011274,2.8,0.011392158836561708
2024-12-15,KXCPIYOY-25APR,2025-05-13,2.7351330582192963,2.7,0.008222862353940522
2024-12-15,KXCPIYOY-25FEB,2025-03-12,2.3819429346678973,2.4,0.014970675254979969
2024-12-15,KXCPIYOY-25JAN,2025-02-12,2.900070075129149,2.9,0.007610728960086678
2024-12-15,KXCPIYOY-25JUN,2025-06-10,2.9197364875305207,2.9,0.004978341961165088
2024-12-15,KXCPIYOY-25MAR,2025-04-10,2.8267438710551267,2.8,0.03764764291753559
2024-12-15,KXCPIYOY-25MAY,2025-06-10,2.497855821358632,2.5,0.011197125420446888
2024-12-16,KXCPIYOY-24DEC,2025-01-15,2.8415763287539435,2.9,0.010701120930622376
2024-12-16,KXCPIYOY-25APR,2025-05-13,2.7351330582192963,2.7,0.008222862353940522
2024-12-16,KXCPIYOY-25FEB,2025-03-12,2.3819429346678973,2.4,0.014970675254979969
2024-12-16,KXCPIYOY-25JAN,2025-02-12,2.900070075129149,2.9,0.007610728960086678
2024-12-16,KXCPIYOY-25JUN,2025-06-10,2.9197364875305207,2.9,0.004978341961165088
2024-12-16,KXCPIYOY-25MAR,2025-04-10,2.8267438710551267,2.8,0.03764764291753559
2024-12-16,KXCPIYOY-25MAY,2025-06-10,2.497855821358632,2.5,0.011197125420446888
2024-12-17,KXCPIYOY-24DEC,2025-01-15,2.839794062122152,2.9,0.008738093994791852
2024-12-17,KXCPIYOY-25APR,2025-05-13,2.7351330582192963,2.7,0.008222862353940522
2024-12-17,KXCPIYOY-25FEB,2025-03-12,2.3819429346678973,2.4,0.014970675254979969
2024-12-17,KXCPIYOY-25JAN,2025-02-12,2.900070075129149,2.9,0.007610728960086678
2024-12-17,KXCPIYOY-25JUN,2025-06-10,2.9197364875305207,2.9,0.004978341961165088
2024-12-17,KXCPIYOY-25MAR,2025-04-10,2.8267438710551267,2.8,0.03764764291753559
2024-12-17,KXCPIYOY-25MAY,2025-06-10,2.497855821358632,2.5,0.011197125420446888
2024-12-18,KXCPIYOY-24DEC,2025-01-15,2.8729786179454733,2.9,0.0033492797117395403
2024-12-18,KXCPIYOY-25APR,2025-05-13,2.7351330582192963,2.7,0.008222862353940522
2024-12-18,KXCPIYOY-25FEB,2025-03-12,2.3819429346678973,2.4,0.014970675254979969
2024-12-18,KXCPIYOY-25JAN,2025-02-12,2.900070075129149,2.9,0.007610728960086678
2024-12-18,KXCPIYOY-25JUN,2025-06-10,2.9197364875305207,2.9,0.004978341961165088
2024-12-18,KXCPIYOY-25MAR,2025-04-10,2.8267438710551267,2.8,0.03764764291753559
2024-12-18,KXCPIYOY-25MAY,2025-06-10,2.497855821358632,2.5,0.011197125420446888
2024-12-19,KXCPIYOY-24DEC,2025-01-15,2.8802847499786934,2.9,0.0041820601955572245
2024-12-19,KXCPIYOY-25APR,2025-05-13,2.7351330582192963,2.7,0.008222862353940522
2024-12-19,KXCPIYOY-25FEB,2025-03-12,2.3819429346678973,2.4,0.014970675254979969
2024-12-19,KXCPIYOY-25JAN,2025-02-12,2.900070075129149,2.9,0.007610728960086678
2024-12-19,KXCPIYOY-25JUN,2025-06-10,2.9197364875305207,2.9,0.004978341961165088
2024-12-19,KXCPIYOY-25MAR,2025-04-10,2.8267438710551267,2.8,0.03764764291753559
2024-12-19,KXCPIYOY-25MAY,2025-06-10,2.497855821358632,2.5,0.011197125420446888
2024-12-20,KXCPIYOY-24DEC,2025-01-15,2.86455339155896,2.9,0.007562890918914208
2024-12-20,KXCPIYOY-25APR,2025-05-13,2.7351330582192963,2.7,0.008222862353940522
2024-12-20,KXCPIYOY-25FEB,2025-03-12,2.3819429346678973,2.4,0.014970675254979969
2024-12-20,KXCPIYOY-25JAN,2025-02-12,2.900070075129149,2.9,0.007610728960086678
2024-12-20,KXCPIYOY-25JUN,2025-06-10,2.9197364875305207,2.9,0.004978341961165088
2024-12-20,KXCPIYOY-25MAR,2025-04-10,2.8267438710551267,2.8,0.03764764291753559
2024-12-20,KXCPIYOY-25MAY,2025-06-10,2.497855821358632,2.5,0.011197125420446888
2024-12-21,KXCPIYOY-24DEC,2025-01-15,2.8704264997030213,2.9,0.010003769558692276
2024-12-21,KXCPIYOY-25APR,2025-05-13,2.7351330582192963,2.7,0.008222862353940522
2024-12-21,KXCPIYOY-25FEB,2025-03-12,2.3819429346678973,2.4,0.014970675254979969
2024-12-21,KXCPIYOY-25JAN,2025-02-12,2.900070075129149,2.9,0.007610728960086678
2024-12-21,KXCPIYOY-25JUN,2025-06-10,2.9197364875305207,2.9,0.004978341961165088
2024-12-21,KXCPIYOY-25MAR,2025-04-10,2.8267438710551267,2.8,0.03764764291753559
2024-12-21,KXCPIYOY-25MAY,2025-06-10,2.497855821358632,2.5,0.011197125420446888
2024-12-22,KXCPIYOY-24DEC,2025-01-15,2.87794200804752,2.9,0.008388181057663143
2024-12-22,KXCPIYOY-25APR,2025-05-13,2.7351330582192963,2.7,0.008222862353940522
2024-12-22,KXCPIYOY-25FEB,2025-03-12,2.3819429346678973,2.4,0.014970675254979969
2024-12-22,KXCPIYOY-25JAN,2025-02-12,2.900070075129149,2.9,0.007610728960086678
2024-12-22,KXCPIYOY-25JUN,2025-06-10,2.9197364875305207,2.9,0.004978341961165088
2024-12-22,KXCPIYOY-25MAR,2025-04-10,2.8267438710551267,2.8,0.03764764291753559
2024-12-22,KXCPIYOY-25MAY,2025-06-10,2.497855821358632,2.5,0.011197125420446888
2024-12-23,KXCPIYOY-24DEC,2025-01-15,2.8764111748801366,2.9,0.008777553346318289
2024-12-23,KXCPIYOY-25APR,2025-05-13,2.7351330582192963,2.7,0.008222862353940522
2024-12-23,KXCPIYOY-25FEB,2025-03-12,2.3819429346678973,2.4,0.014970675254979969
2024-12-23,KXCPIYOY-25JAN,2025-02-12,2.900070075129149,2.9,0.007610728960086678
2024-12-23,KXCPIYOY-25JUN,2025-06-10,2.9197364875305207,2.9,0.004978341961165088
2024-12-23,KXCPIYOY-25MAR,2025-04-10,2.8267438710551267,2.8,0.03764764291753559
2024-12-23,KXCPIYOY-25MAY,2025-06-10,2.497855821358632,2.5,0.011197125420446888
2024-12-24,KXCPIYOY-24DEC,2025-01-15,2.8712826013373194,2.9,0.010047869093747698
2024-12-24,KXCPIYOY-25APR,2025-05-13,2.7351330582192963,2.7,0.008222862353940522
2024-12-24,KXCPIYOY-25FEB,2025-03-12,2.3819429346678973,2.4,0.014970675254979969
2024-12-24,KXCPIYOY-25JAN,2025-02-12,2.900070075129149,2.9,0.007610728960086678
2024-12-24,KXCPIYOY-25JUN,2025-06-10,2.9197364875305207,2.9,0.004978341961165088
2024-12-24,KXCPIYOY-25MAR,2025-04-10,2.8267438710551267,2.8,0.03764764291753559
2024-12-24,KXCPIYOY-25MAY,2025-06-10,2.497855821358632,2.5,0.011197125420446888
2024-12-25,KXCPIYOY-24DEC,2025-01-15,2.869082233536318,2.9,0.010749720611752653
2024-12-25,KXCPIYOY-25APR,2025-05-13,2.7351330582192963,2.7,0.008222862353940522
2024-12-25,KXCPIYOY-25FEB,2025-03-12,2.3819429346678973,2.4,0.014970675254979969
2024-12-25,KXCPIYOY-25JAN,2025-02-12,2.900070075129149,2.9,0.007610728960086678
2024-12-25,KXCPIYOY-25JUN,2025-06-10,2.9197364875305207,2.9,0.004978341961165088
2024-12-25,KXCPIYOY-25MAR,2025-04-10,2.8267438710551267,2.8,0.03764764291753559
2024-12-25,KXCPIYOY-25MAY,2025-06-10,2.497855821358632,2.5,0.011197125420446888
2024-12-26,KXCPIYOY-24DEC,2025-01-15,2.874419204282517,2.9,0.01097162908949556
2024-12-26,KXCPIYOY-25APR,2025-05-13,2.7351330582192963,2.7,0.008222862353940522
2024-12-26,KXCPIYOY-25FEB,2025-03-12,2.3819429346678973,2.4,0.014970675254979969
2024-12-26,KXCPIYOY-25JAN,2025-02-12,2.900070075129149,2.9,0.007610728960086678
2024-12-26,KXCPIYOY-25JUN,2025-06-10,2.9197364875305207,2.9,0.004978341961165088
2024-12-26,KXCPIYOY-25MAR,2025-04-10,2.8267438710551267,2.8,0.03764764291753559
2024-12-26,KXCPIYOY-25MAY,2025-06-10,2.497855821358632,2.5,0.011197125420446888
2024-12-27,KXCPIYOY-24DEC,2025-01-15,2.874419204282517,2.9,0.01097162908949556
2024-12-27,KXCPIYOY-25APR,2025-05-13,2.7351330582192963,2.7,0.008222862353940522
2024-12-27,KXCPIYOY-25FEB,2025-03-12,2.3819429346678973,2.4,0.014970675254979969
2024-12-27,KXCPIYOY-25JAN,2025-02-12,2.900070075129149,2.9,0.007610728960086678
2024-12-27,KXCPIYOY-25JUN,2025-06-10,2.9197364875305207,2.9,0.004978341961165088
2024-12-27,KXCPIYOY-25MAR,2025-04-10,2.8267438710551267,2.8,0.03764764291753559
2024-12-27,KXCPIYOY-25MAY,2025-06-10,2.497855821358632,2.5,0.011197125420446888
2024-12-28,KXCPIYOY-24DEC,2025-01-15,2.874419204282517,2.9,0.01097162908949556
2024-12-28,KXCPIYOY-25APR,2025-05-13,2.7351330582192963,2.7,0.008222862353940522
2024-12-28,KXCPIYOY-25FEB,2025-03-12,2.3819429346678973,2.4,0.014970675254979969
2024-12-28,KXCPIYOY-25JAN,2025-02-12,2.900070075129149,2.9,0.007610728960086678
2024-12-28,KXCPIYOY-25JUN,2025-06-10,2.9197364875305207,2.9,0.004978341961165088
2024-12-28,KXCPIYOY-25MAR,2025-04-10,2.8267438710551267,2.8,0.03764764291753559
2024-12-28,KXCPIYOY-25MAY,2025-06-10,2.497855821358632,2.5,0.011197125420446888
2024-12-29,KXCPIYOY-24DEC,2025-01-15,2.8702304174595397,2.9,0.010150688505238904
2024-12-29,KXCPIYOY-25APR,2025-05-13,2.7351330582192963,2.7,0.008222862353940522
2024-12-29,KXCPIYOY-25FEB,2025-03-12,2.3819429346678973,2.4,0.014970675254979969
2024-12-29,KXCPIYOY-25JAN,2025-02-12,2.900070075129149,2.9,0.007610728960086678
2024-12-29,KXCPIYOY-25JUN,2025-06-10,2.9197364875305207,2.9,0.004978341961165088
2024-12-29,KXCPIYOY-25MAR,2025-04-10,2.8267438710551267,2.8,0.03764764291753559
2024-12-29,KXCPIYOY-25MAY,2025-06-10,2.497855821358632,2.5,0.011197125420446888
2024-12-30,KXCPIYOY-24DEC,2025-01-15,2.8769388917004046,2.9,0.008017970203022676
2024-12-30,KXCPIYOY-25APR,2025-05-13,2.7351330582192963,2.7,0.008222862353940522
2024-12-30,KXCPIYOY-25FEB,2025-03-12,2.3819429346678973,2.4,0.014970675254979969
2024-12-30,KXCPIYOY-25JAN,2025-02-12,2.900070075129149,2.9,0.007610728960086678
2024-12-30,KXCPIYOY-25JUN,2025-06-10,2.9197364875305207,2.9,0.004978341961165088
2024-12-30,KXCPIYOY-25MAR,2025-04-10,2.8267438710551267,2.8,0.03764764291753559
2024-12-30,KXCPIYOY-25MAY,2025-06-10,2.497855821358632,2.5,0.011197125420446888
2024-12-31,KXCPIYOY-24DEC,2025-01-15,2.873918485237484,2.9,0.00797026806651165
2024-12-31,KXCPIYOY-25APR,2025-05-13,2.7351330582192963,2.7,0.008222862353940522
2024-12-31,KXCPIYOY-25FEB,2025-03-12,2.3819429346678973,2.4,0.014970675254979969
2024-12-31,KXCPIYOY-25JAN,2025-02-12,2.900070075129149,2.9,0.007610728960086678
2024-12-31,KXCPIYOY-25JUN,2025-06-10,2.9197364875305207,2.9,0.004978341961165088
2024-12-31,KXCPIYOY-25MAR,2025-04-10,2.8267438710551267,2.8,0.03764764291753559
2024-12-31,KXCPIYOY-25MAY,2025-06-10,2.497855821358632,2.5,0.011197125420446888
2025-01-01,KXCPIYOY-24DEC,2025-01-15,2.8873029555082,2.9,0.003422249285459388
2025-01-01,KXCPIYOY-25APR,2025-05-13,2.7351330582192963,2.7,0.008222862353940522
2025-01-01,KXCPIYOY-25FEB,2025-03-12,2.3819429346678973,2.4,0.014970675254979969
2025-01-01,KXCPIYOY-25JAN,2025-02-12,2.900070075129149,2.9,0.007610728960086678
2025-01-01,KXCPIYOY-25JUN,2025-06-10,2.9197364875305207,2.9,0.004978341961165088
2025-01-01,KXCPIYOY-25MAR,2025-04-10,2.8267438710551267,2.8,0.03764764291753559
2025-01-01,KXCPIYOY-25MAY,2025-06-10,2.497855821358632,2.5,0.011197125420446888
2025-01-02,KXCPIYOY-24DEC,2025-01-15,2.871656074108737,2.9,0.008577285344693247
2025-01-02,KXCPIYOY-25APR,2025-05-13,2.7351330582192963,2.7,0.008222862353940522
2025-01-02,KXCPIYOY-25FEB,2025-03-12,2.3819429346678973,2.4,0.014970675254979969
2025-01-02,KXCPIYOY-25JAN,2025-02-12,2.9141565762477146,2.9,0.011216746428041756
2025-01-02,KXCPIYOY-25JUN,2025-06-10,2.9197364875305207,2.9,0.004978341961165088
2025-01-02,KXCPIYOY-25MAR,2025-04-10,2.8267438710551267,2.8,0.03764764291753559
2025-01-02,KXCPIYOY-25MAY,2025-06-10,2.497855821358632,2.5,0.011197125420446888
2025-01-03,KXCPIYOY-24DEC,2025-01-15,2.86585716322281,2.9,0.007986012759634308
2025-01-03,KXCPIYOY-25APR,2025-05-13,2.7351330582192963,2.7,0.008222862353940522
2025-01-03,KXCPIYOY-25FEB,2025-03-12,2.3819429346678973,2.4,0.014970675254979969
2025-01-03,KXCPIYOY-25JAN,2025-02-12,2.8725134017435314,2.9,0.01572450388186203
2025-01-03,KXCPIYOY-25JUN,2025-06-10,2.9197364875305207,2.9,0.004978341961165088
2025-01-03,KXCPIYOY-25MAR,2025-04-10,2.8267438710551267,2.8,0.03764764291753559
2025-01-03,KXCPIYOY-25MAY,2025-06-10,2.497855821358632,2.5,0.011197125420446888
2025-01-04,KXCPIYOY-24DEC,2025-01-15,2.868458723967968,2.9,0.008303512748228775
2025-01-04,KXCPIYOY-25APR,2025-05-13,2.7351330582192963,2.7,0.008222862353940522
2025-01-04,KXCPIYOY-25FEB,2025-03-12,2.3819429346678973,2.4,0.014970675254979969
2025-01-04,KXCPIYOY-25JAN,2025-02-12,2.8725134017435314,2.9,0.01572450388186203
2025-01-04,KXCPIYOY-25JUN,2025-06-10,2.9197364875305207,2.9,0.004978341961165088
2025-01-04,KXCPIYOY-25MAR,2025-04-10,2.8267438710551267,2.8,0.03764764291753559
2025-01-04,KXCPIYOY-25MAY,2025-06-10,2.497855821358632,2.5,0.011197125420446888
2025-01-05,KXCPIYOY-24DEC,2025-01-15,2.8629400981100774,2.9,0.009589300074582497
2025-01-05,KXCPIYOY-25APR,2025-05-13,2.7351330582192963,2.7,0.008222862353940522
2025-01-05,KXCPIYOY-25FEB,2025-03-12,2.3819429346678973,2.4,0.014970675254979969
2025-01-05,KXCPIYOY-25JAN,2025-02-12,2.8886465742009095,2.9,0.01553108358148743
2025-01-05,KXCPIYOY-25JUN,2025-06-10,2.9197364875305207,2.9,0.004978341961165088
2025-01-05,KXCPIYOY-25MAR,2025-04-10,2.8267438710551267,2.8,0.03764764291753559
2025-01-05,KXCPIYOY-25MAY,2025-06-10,2.497855821358632,2.5,0.011197125420446888
2025-01-06,KXCPIYOY-24DEC,2025-01-15,2.8744432005008154,2.9,0.004905850829310153
2025-01-06,KXCPIYOY-25APR,2025-05-13,2.7351330582192963,2.7,0.008222862353940522
2025-01-06,KXCPIYOY-25FEB,2025-03-12,2.3819429346678973,2.4,0.014970675254979969
2025-01-06,KXCPIYOY-25JAN,2025-02-12,2.865637849179801,2.8,0.016780098951983666
2025-01-06,KXCPIYOY-25JUN,2025-06-10,2.9197364875305207,2.9,0.004978341961165088
2025-01-06,KXCPIYOY-25MAR,2025-04-10,2.8267438710551267,2.8,0.03764764291753559
2025-01-06,KXCPIYOY-25MAY,2025-06-10,2.497855821358632,2.5,0.011197125420446888
2025-01-07,KXCPIYOY-24DEC,2025-01-15,2.8637010391009743,2.9,0.007613960583389715
2025-01-07,KXCPIYOY-25APR,2025-05-13,2.7351330582192963,2.7,0.008222862353940522
2025-01-07,KXCPIYOY-25FEB,2025-03-12,2.3819429346678973,2.4,0.014970675254979969
2025-01-07,KXCPIYOY-25JAN,2025-02-12,2.865637849179801,2.8,0.016780098951983666
2025-01-07,KXCPIYOY-25JUN,2025-06-10,2.9197364875305207,2.9,0.004978341961165088
2025-01-07,KXCPIYOY-25MAR,2025-04-10,2.8267438710551267,2.8,0.03764764291753559
2025-01-07,KXCPIYOY-25MAY,2025-06-10,2.497855821358632,2.5,0.011197125420446888
2025-01-08,KXCPIYOY-24DEC,2025-01-15,2.8643321885524045,2.9,0.007581041998938723
2025-01-08,KXCPIYOY-25APR,2025-05-13,2.7351330582192963,2.7,0.008222862353940522
2025-01-08,KXCPIYOY-25FEB,2025-03-12,2.3819429346678973,2.4,0.014970675254979969
2025-01-08,KXCPIYOY-25JAN,2025-02-12,2.865637849179801,2.8,0.016780098951983666
2025-01-08,KXCPIYOY-25JUN,2025-06-10,2.9197364875305207,2.9,0.004978341961165088
2025-01-08,KXCPIYOY-25MAR,2025-04-10,2.8267438710551267,2.8,0.03764764291753559
2025-01-08,KXCPIYOY-25MAY,2025-06-10,2.497855821358632,2.5,0.011197125420446888
2025-01-09,KXCPIYOY-24DEC,2025-01-15,2.878190182119083,2.9,0.00393376834657488
2025-01-09,KXCPIYOY-25APR,2025-05-13,2.7351330582192963,2.7,0.008222862353940522
2025-01-09,KXCPIYOY-25FEB,2025-03-12,2.3819429346678973,2.4,0.014970675254979969
2025-01-09,KXCPIYOY-25JAN,2025-02-12,2.865637849179801,2.8,0.016780098951983666
2025-01-09,KXCPIYOY-25JUN,2025-06-10,2.9197364875305207,2.9,0.004978341961165088
2025-01-09,KXCPIYOY-25MAR,2025-04-10,2.8267438710551267,2.8,0.03764764291753559
2025-01-09,KXCPIYOY-25MAY,2025-06-10,2.497855821358632,2.5,0.011197125420446888
2025-01-10,KXCPIYOY-24DEC,2025-01-15,2.8724448449267475,2.9,0.005039959331558633
2025-01-10,KXCPIYOY-25APR,2025-05-13,2.7351330582192963,2.7,0.008222862353940522
2025-01-10,KXCPIYOY-25FEB,2025-03-12,2.3819429346678973,2.4,0.014970675254979969
2025-01-10,KXCPIYOY-25JAN,2025-02-12,2.865637849179801,2.8,0.016780098951983666
2025-01-10,KXCPIYOY-25JUN,2025-06-10,2.9197364875305207,2.9,0.004978341961165088
2025-01-10,KXCPIYOY-25MAR,2025-04-10,2.8267438710551267,2.8,0.03764764291753559
2025-01-10,KXCPIYOY-25MAY,2025-06-10,2.497855821358632,2.5,0.011197125420446888
2025-01-11,KXCPIYOY-24DEC,2025-01-15,2.873287130953853,2.9,0.005593326045470872
2025-01-11,KXCPIYOY-25APR,2025-05-13,2.7351330582192963,2.7,0.008222862353940522
2025-01-11,KXCPIYOY-25FEB,2025-03-12,2.3819429346678973,2.4,0.014970675254979969
2025-01-11,KXCPIYOY-25JAN,2025-02-12,2.8669287407903408,2.8,0.018752145713091604
2025-01-11,KXCPIYOY-25JUN,2025-06-10,2.9197364875305207,2.9,0.004978341961165088
2025-01-11,KXCPIYOY-25MAR,2025-04-10,2.8267438710551267,2.8,0.03764764291753559
2025-01-11,KXCPIYOY-25MAY,2025-06-10,2.497855821358632,2.5,0.011197125420446888
2025-01-12,KXCPIYOY-24DEC,2025-01-15,2.8747241884936456,2.9,0.0053549856696127485
2025-01-12,KXCPIYOY-25APR,2025-05-13,2.7351330582192963,2.7,0.008222862353940522
2025-01-12,KXCPIYOY-25FEB,2025-03-12,2.3819429346678973,2.4,0.014970675254979969
2025-01-12,KXCPIYOY-25JAN,2025-02-12,2.8669287407903408,2.8,0.018752145713091604
2025-01-12,KXCPIYOY-25JUN,2025-06-10,2.9197364875305207,2.9,0.004978341961165088
2025-01-12,KXCPIYOY-25MAR,2025-04-10,2.8267438710551267,2.8,0.03764764291753559
2025-01-12,KXCPIYOY-25MAY,2025-06-10,2.497855821358632,2.5,0.011197125420446888
2025-01-13,KXCPIYOY-24DEC,2025-01-15,2.8727505148262757,2.9,0.0051502437385344095
2025-01-13,KXCPIYOY-25APR,2025-05-13,2.7351330582192963,2.7,0.008222862353940522
2025-01-13,KXCPIYOY-25FEB,2025-03-12,2.3819429346678973,2.4,0.014970675254979969
2025-01-13,KXCPIYOY-25JAN,2025-02-12,2.8669287407903408,2.8,0.018752145713091604
2025-01-13,KXCPIYOY-25JUN,2025-06-10,2.9197364875305207,2.9,0.004978341961165088
2025-01-13,KXCPIYOY-25MAR,2025-04-10,2.8267438710551267,2.8,0.03764764291753559
2025-01-13,KXCPIYOY-25MAY,2025-06-10,2.497855821358632,2.5,0.011197125420446888
2025-01-14,KXCPIYOY-24DEC,2025-01-15,2.879022161592662,2.9,0.0029515954165500445
2025-01-14,KXCPIYOY-25APR,2025-05-13,2.7351330582192963,2.7,0.008222862353940522
2025-01-14,KXCPIYOY-25FEB,2025-03-12,2.3819429346678973,2.4,0.014970675254979969
2025-01-14,KXCPIYOY-25JAN,2025-02-12,2.8587820340280836,2.8,0.017244512780762347
2025-01-14,KXCPIYOY-25JUN,2025-06-10,2.9197364875305207,2.9,0.004978341961165088
2025-01-14,KXCPIYOY-25MAR,2025-04-10,2.8267438710551267,2.8,0.03764764291753559
2025-01-14,KXCPIYOY-25MAY,2025-06-10,2.497855821358632,2.5,0.011197125420446888
2025-01-15,KXCPIYOY-24DEC,2025-01-15,2.8749459902873133,2.9,0.004032267573953861
2025-01-15,KXCPIYOY-25APR,2025-05-13,2.7351330582192963,2.7,0.008222862353940522
2025-01-15,KXCPIYOY-25FEB,2025-03-12,2.3819429346678973,2.4,0.014970675254979969
2025-01-15,KXCPIYOY-25JAN,2025-02-12,2.7815810306390794,2.8,0.02191395845554309
2025-01-15,KXCPIYOY-25JUN,2025-06-10,2.9197364875305207,2.9,0.004978341961165088
2025-01-15,KXCPIYOY-25MAR,2025-04-10,2.8267438710551267,2.8,0.03764764291753559
2025-01-15,KXCPIYOY-25MAY,2025-06-10,2.497855821358632,2.5,0.011197125420446888
2025-01-16,KXCPIYOY-25APR,2025-05-13,2.7351330582192963,2.7,0.008222862353940522
2025-01-16,KXCPIYOY-25FEB,2025-03-12,2.687856541901749,2.7,0.014897378529287436
2025-01-16,KXCPIYOY-25JAN,2025-02-12,2.819053155866331,2.8,0.020963444512084567
2025-01-16,KXCPIYOY-25JUN,2025-06-10,2.9197364875305207,2.9,0.004978341961165088
2025-01-16,KXCPIYOY-25MAR,2025-04-10,2.8267438710551267,2.8,0.03764764291753559
2025-01-16,KXCPIYOY-25MAY,2025-06-10,2.497855821358632,2.5,0.011197125420446888
2025-01-17,KXCPIYOY-25APR,2025-05-13,2.7351330582192963,2.7,0.008222862353940522
2025-01-17,KXCPIYOY-25FEB,2025-03-12,2.687856541901749,2.7,0.014897378529287436
2025-01-17,KXCPIYOY-25JAN,2025-02-12,2.832712121373026,2.9,0.025831881767749424
2025-01-17,KXCPIYOY-25JUN,2025-06-10,2.9197364875305207,2.9,0.004978341961165088
2025-01-17,KXCPIYOY-25MAR,2025-04-10,2.8267438710551267,2.8,0.03764764291753559
2025-01-17,KXCPIYOY-25MAY,2025-06-10,2.497855821358632,2.5,0.011197125420446888
2025-01-18,KXCPIYOY-25APR,2025-05-13,2.7351330582192963,2.7,0.008222862353940522
2025-01-18,KXCPIYOY-25FEB,2025-03-12,2.687856541901749,2.7,0.014897378529287436
2025-01-18,KXCPIYOY-25JAN,2025-02-12,2.8678968631910204,2.9,0.020830751846403695
2025-01-18,KXCPIYOY-25JUN,2025-06-10,2.9197364875305207,2.9,0.004978341961165088
2025-01-18,KXCPIYOY-25MAR,2025-04-10,2.8267438710551267,2.8,0.03764764291753559
2025-01-18,KXCPIYOY-25MAY,2025-06-10,2.497855821358632,2.5,0.011197125420446888
2025-01-19,KXCPIYOY-25APR,2025-05-13,2.7351330582192963,2.7,0.008222862353940522
2025-01-19,KXCPIYOY-25FEB,2025-03-12,2.687856541901749,2.7,0.014897378529287436
2025-01-19,KXCPIYOY-25JAN,2025-02-12,2.8737717272395766,2.9,0.012250694457731361
2025-01-19,KXCPIYOY-25JUN,2025-06-10,2.9197364875305207,2.9,0.004978341961165088
2025-01-19,KXCPIYOY-25MAR,2025-04-10,2.8267438710551267,2.8,0.03764764291753559
2025-01-19,KXCPIYOY-25MAY,2025-06-10,2.497855821358632,2.5,0.011197125420446888
2025-01-20,KXCPIYOY-25APR,2025-05-13,2.7351330582192963,2.7,0.008222862353940522
2025-01-20,KXCPIYOY-25FEB,2025-03-12,2.687856541901749,2.7,0.014897378529287436
2025-01-20,KXCPIYOY-25JAN,2025-02-12,2.9006394607801935,2.9,0.0134374764560794
2025-01-20,KXCPIYOY-25JUN,2025-06-10,2.9197364875305207,2.9,0.004978341961165088
2025-01-20,KXCPIYOY-25MAR,2025-04-10,2.8267438710551267,2.8,0.03764764291753559
2025-01-20,KXCPIYOY-25MAY,2025-06-10,2.497855821358632,2.5,0.011197125420446888
2025-01-21,KXCPIYOY-25APR,2025-05-13,2.7351330582192963,2.7,0.008222862353940522
2025-01-21,KXCPIYOY-25FEB,2025-03-12,2.687856541901749,2.7,0.014897378529287436
2025-01-21,KXCPIYOY-25JAN,2025-02-12,2.8894812947001562,2.9,0.020630099147030363
2025-01-21,KXCPIYOY-25JUN,2025-06-10,2.9197364875305207,2.9,0.004978341961165088
2025-01-21,KXCPIYOY-25MAR,2025-04-10,2.8267438710551267,2.8,0.03764764291753559
2025-01-21,KXCPIYOY-25MAY,2025-06-10,2.497855821358632,2.5,0.011197125420446888
2025-01-22,KXCPIYOY-25APR,2025-05-13,2.7351330582192963,2.7,0.008222862353940522
2025-01-22,KXCPIYOY-25FEB,2025-03-12,2.687856541901749,2.7,0.014897378529287436
2025-01-22,KXCPIYOY-25JAN,2025-02-12,2.893683528977137,2.9,0.022710617844161392
2025-01-22,KXCPIYOY-25JUN,2025-06-10,2.9197364875305207,2.9,0.004978341961165088
2025-01-22,KXCPIYOY-25MAR,2025-04-10,2.8267438710551267,2.8,0.03764764291753559
2025-01-22,KXCPIYOY-25MAY,2025-06-10,2.497855821358632,2.5,0.011197125420446888
2025-01-23,KXCPIYOY-25APR,2025-05-13,2.7351330582192963,2.7,0.008222862353940522
2025-01-23,KXCPIYOY-25FEB,2025-03-12,2.687856541901749,2.7,0.014897378529287436
2025-01-23,KXCPIYOY-25JAN,2025-02-12,2.896088721644949,2.9,0.0231715507479263
2025-01-23,KXCPIYOY-25JUN,2025-06-10,2.9197364875305207,2.9,0.004978341961165088
2025-01-23,KXCPIYOY-25MAR,2025-04-10,2.8267438710551267,2.8,0.03764764291753559
2025-01-23,KXCPIYOY-25MAY,2025-06-10,2.497855821358632,2.5,0.011197125420446888
2025-01-24,KXCPIYOY-25APR,2025-05-13,2.7351330582192963,2.7,0.008222862353940522
2025-01-24,KXCPIYOY-25FEB,2025-03-12,2.687856541901749,2.7,0.014897378529287436
2025-01-24,KXCPIYOY-25JAN,2025-02-12,2.894934290982983,2.9,0.019872774601870154
2025-01-24,KXCPIYOY-25JUN,2025-06-10,2.9197364875305207,2.9,0.004978341961165088
2025-01-24,KXCPIYOY-25MAR,2025-04-10,2.8267438710551267,2.8,0.03764764291753559
2025-01-24,KXCPIYOY-25MAY,2025-06-10,2.497855821358632,2.5,0.011197125420446888
2025-01-25,KXCPIYOY-25APR,2025-05-13,2.7351330582192963,2.7,0.008222862353940522
2025-01-25,KXCPIYOY-25FEB,2025-03-12,2.687856541901749,2.7,0.014897378529287436
2025-01-25,KXCPIYOY-25JAN,2025-02-12,2.9150496189969872,2.9,0.011115348415148128
2025-01-25,KXCPIYOY-25JUN,2025-06-10,2.9197364875305207,2.9,0.004978341961165088
2025-01-25,KXCPIYOY-25MAR,2025-04-10,2.8267438710551267,2.8,0.03764764291753559
2025-01-25,KXCPIYOY-25MAY,2025-06-10,2.497855821358632,2.5,0.011197125420446888
2025-01-26,KXCPIYOY-25APR,2025-05-13,2.7351330582192963,2.7,0.008222862353940522
2025-01-26,KXCPIYOY-25FEB,2025-03-12,2.687856541901749,2.7,0.014897378529287436
2025-01-26,KXCPIYOY-25JAN,2025-02-12,2.886154521399796,2.9,0.021016669075518957
2025-01-26,KXCPIYOY-25JUN,2025-06-10,2.9197364875305207,2.9,0.004978341961165088
2025-01-26,KXCPIYOY-25MAR,2025-04-10,2.8267438710551267,2.8,0.03764764291753559
2025-01-26,KXCPIYOY-25MAY,2025-06-10,2.497855821358632,2.5,0.011197125420446888
2025-01-27,KXCPIYOY-25APR,2025-05-13,2.7351330582192963,2.7,0.008222862353940522
2025-01-27,KXCPIYOY-25FEB,2025-03-12,2.687856541901749,2.7,0.014897378529287436
2025-01-27,KXCPIYOY-25JAN,2025-02-12,2.8911087488338714,2.9,0.021271291535026337
2025-01-27,KXCPIYOY-25JUN,2025-06-10,2.9197364875305207,2.9,0.004978341961165088
2025-01-27,KXCPIYOY-25MAR,2025-04-10,2.8267438710551267,2.8,0.03764764291753559
2025-01-27,KXCPIYOY-25MAY,2025-06-10,2.497855821358632,2.5,0.011197125420446888
2025-01-28,KXCPIYOY-25APR,2025-05-13,2.7351330582192963,2.7,0.008222862353940522
2025-01-28,KXCPIYOY-25FEB,2025-03-12,2.687856541901749,2.7,0.014897378529287436
2025-01-28,KXCPIYOY-25JAN,2025-02-12,2.8954490810508475,2.9,0.02191158703304253
2025-01-28,KXCPIYOY-25JUN,2025-06-10,2.9197364875305207,2.9,0.004978341961165088
2025-01-28,KXCPIYOY-25MAR,2025-04-10,2.8267438710551267,2.8,0.03764764291753559
2025-01-28,KXCPIYOY-25MAY,2025-06-10,2.497855821358632,2.5,0.011197125420446888
2025-01-29,KXCPIYOY-25APR,2025-05-13,2.7351330582192963,2.7,0.008222862353940522
2025-01-29,KXCPIYOY-25FEB,2025-03-12,2.687856541901749,2.7,0.014897378529287436
2025-01-29,KXCPIYOY-25JAN,2025-02-12,2.911826970343279,2.9,0.017709746777415804
2025-01-29,KXCPIYOY-25JUN,2025-06-10,2.9197364875305207,2.9,0.004978341961165088
2025-01-29,KXCPIYOY-25MAR,2025-04-10,2.8267438710551267,2.8,0.03764764291753559
2025-01-29,KXCPIYOY-25MAY,2025-06-10,2.497855821358632,2.5,0.011197125420446888
2025-01-30,KXCPIYOY-25APR,2025-05-13,2.7351330582192963,2.7,0.008222862353940522
2025-01-30,KXCPIYOY-25FEB,2025-03-12,2.687856541901749,2.7,0.014897378529287436
2025-01-30,KXCPIYOY-25JAN,2025-02-12,2.9135024497959403,2.9,0.01357813792157841
2025-01-30,KXCPIYOY-25JUN,2025-06-10,2.9197364875305207,2.9,0.004978341961165088
2025-01-30,KXCPIYOY-25MAR,2025-04-10,2.8267438710551267,2.8,0.03764764291753559
2025-01-30,KXCPIYOY-25MAY,2025-06-10,2.497855821358632,2.5,0.011197125420446888
2025-01-31,KXCPIYOY-25APR,2025-05-13,2.7351330582192963,2.7,0.008222862353940522
2025-01-31,KXCPIYOY-25FEB,2025-03-12,2.687856541901749,2.7,0.014897378529287436
2025-01-31,KXCPIYOY-25JAN,2025-02-12,2.920838080334125,2.9,0.011213867118673716
2025-01-31,KXCPIYOY-25JUN,2025-06-10,2.9197364875305207,2.9,0.004978341961165088
2025-01-31,KXCPIYOY-25MAR,2025-04-10,2.8267438710551267,2.8,0.03764764291753559
2025-01-31,KXCPIYOY-25MAY,2025-06-10,2.497855821358632,2.5,0.011197125420446888
2025-02-01,KXCPIYOY-25APR,2025-05-13,2.7351330582192963,2.7,0.008222862353940522
2025-02-01,KXCPIYOY-25FEB,2025-03-12,2.687856541901749,2.7,0.014897378529287436
2025-02-01,KXCPIYOY-25JAN,2025-02-12,2.9207536032618293,2.9,0.010111376951875781
2025-02-01,KXCPIYOY-25JUN,2025-06-10,2.9197364875305207,2.9,0.004978341961165088
2025-02-01,KXCPIYOY-25MAR,2025-04-10,2.8267438710551267,2.8,0.03764764291753559
2025-02-01,KXCPIYOY-25MAY,2025-06-10,2.497855821358632,2.5,0.011197125420446888
2025-02-02,KXCPIYOY-25APR,2025-05-13,2.7351330582192963,2.7,0.008222862353940522
2025-02-02,KXCPIYOY-25FEB,2025-03-12,2.774481697440881,2.8,0.019244345874928844
2025-02-02,KXCPIYOY-25JAN,2025-02-12,2.9239627045074803,2.9,0.00933817900258307
2025-02-02,KXCPIYOY-25JUN,2025-06-10,2.9197364875305207,2.9,0.004978341961165088
2025-02-02,KXCPIYOY-25MAR,2025-04-10,2.8267438710551267,2.8,0.03764764291753559
2025-02-02,KXCPIYOY-25MAY,2025-06-10,2.497855821358632,2.5,0.011197125420446888
2025-02-03,KXCPIYOY-25APR,2025-05-13,2.7351330582192963,2.7,0.008222862353940522
2025-02-03,KXCPIYOY-25FEB,2025-03-12,2.7478055214935857,2.8,0.03191601778840665
2025-02-03,KXCPIYOY-25JAN,2025-02-12,2.900082407355756,2.9,0.01843024830952978
2025-02-03,KXCPIYOY-25JUN,2025-06-10,2.9197364875305207,2.9,0.004978341961165088
2025-02-03,KXCPIYOY-25MAR,2025-04-10,2.8267438710551267,2.8,0.03764764291753559
2025-02-03,KXCPIYOY-25MAY,2025-06-10,2.497855821358632,2.5,0.011197125420446888
2025-02-04,KXCPIYOY-25APR,2025-05-13,2.7351330582192963,2.7,0.008222862353940522
2025-02-04,KXCPIYOY-25FEB,2025-03-12,2.7478055214935857,2.8,0.03191601778840665
2025-02-04,KXCPIYOY-25JAN,2025-02-12,2.9107478146387677,2.9,0.0186818603340698
2025-02-04,KXCPIYOY-25JUN,2025-06-10,2.9197364875305207,2.9,0.004978341961165088
2025-02-04,KXCPIYOY-25MAR,2025-04-10,2.8267438710551267,2.8,0.03764764291753559
2025-02-04,KXCPIYOY-25MAY,2025-06-10,2.497855821358632,2.5,0.011197125420446888
2025-02-05,KXCPIYOY-25APR,2025-05-13,2.7351330582192963,2.7,0.008222862353940522
2025-02-05,KXCPIYOY-25FEB,2025-03-12,2.7478055214935857,2.8,0.03191601778840665
2025-02-05,KXCPIYOY-25JAN,2025-02-12,2.923602580731342,2.9,0.012406373768112093
2025-02-05,KXCPIYOY-25JUN,2025-06-10,2.9197364875305207,2.9,0.004978341961165088
2025-02-05,KXCPIYOY-25MAR,2025-04-10,2.8267438710551267,2.8,0.03764764291753559
2025-02-05,KXCPIYOY-25MAY,2025-06-10,2.497855821358632,2.5,0.011197125420446888
2025-02-06,KXCPIYOY-25APR,2025-05-13,2.7351330582192963,2.7,0.008222862353940522
2025-02-06,KXCPIYOY-25FEB,2025-03-12,2.7531626643507283,2.8,0.02915572903771007
2025-02-06,KXCPIYOY-25JAN,2025-02-12,2.929828284930016,2.9,0.011904631788665921
2025-02-06,KXCPIYOY-25JUN,2025-06-10,2.9197364875305207,2.9,0.004978341961165088
2025-02-06,KXCPIYOY-25MAR,2025-04-10,2.8267438710551267,2.8,0.03764764291753559
2025-02-06,KXCPIYOY-25MAY,2025-06-10,2.497855821358632,2.5,0.011197125420446888
2025-02-07,KXCPIYOY-25APR,2025-05-13,2.7351330582192963,2.7,0.008222862353940522
2025-02-07,KXCPIYOY-25FEB,2025-03-12,2.7531626643507283,2.8,0.02915572903771007
2025-02-07,KXCPIYOY-25JAN,2025-02-12,2.9341769464641083,3,0.011576452487382403
2025-02-07,KXCPIYOY-25JUN,2025-06-10,2.9197364875305207,2.9,0.004978341961165088
2025-02-07,KXCPIYOY-25MAR,2025-04-10,2.8267438710551267,2.8,0.03764764291753559
2025-02-07,KXCPIYOY-25MAY,2025-06-10,2.497855821358632,2.5,0.011197125420446888
2025-02-08,KXCPIYOY-25APR,2025-05-13,2.7351330582192963,2.7,0.008222862353940522
2025-02-08,KXCPIYOY-25FEB,2025-03-12,2.7531626643507283,2.8,0.02915572903771007
2025-02-08,KXCPIYOY-25JAN,2025-02-12,2.9337697242286804,3,0.011943088689906848
2025-02-08,KXCPIYOY-25JUN,2025-06-10,2.9197364875305207,2.9,0.004978341961165088
2025-02-08,KXCPIYOY-25MAR,2025-04-10,2.8267438710551267,2.8,0.03764764291753559
2025-02-08,KXCPIYOY-25MAY,2025-06-10,2.497855821358632,2.5,0.011197125420446888
2025-02-09,KXCPIYOY-25APR,2025-05-13,2.7351330582192963,2.7,0.008222862353940522
2025-02-09,KXCPIYOY-25FEB,2025-03-12,2.7531626643507283,2.8,0.02915572903771007
2025-02-09,KXCPIYOY-25JAN,2025-02-12,2.9276468334579766,3,0.012698018333129002
2025-02-09,KXCPIYOY-25JUN,2025-06-10,2.9197364875305207,2.9,0.004978341961165088
2025-02-09,KXCPIYOY-25MAR,2025-04-10,2.8267438710551267,2.8,0.03764764291753559
2025-02-09,KXCPIYOY-25MAY,2025-06-10,2.497855821358632,2.5,0.011197125420446888
2025-02-10,KXCPIYOY-25APR,2025-05-13,2.7351330582192963,2.7,0.008222862353940522
2025-02-10,KXCPIYOY-25FEB,2025-03-12,2.756146464540378,2.8,0.02523198552107685
2025-02-10,KXCPIYOY-25JAN,2025-02-12,2.9309783954711888,3,0.01049865277505585
2025-02-10,KXCPIYOY-25JUN,2025-06-10,2.9197364875305207,2.9,0.004978341961165088
2025-02-10,KXCPIYOY-25MAR,2025-04-10,2.8267438710551267,2.8,0.03764764291753559
2025-02-10,KXCPIYOY-25MAY,2025-06-10,2.497855821358632,2.5,0.011197125420446888
2025-02-11,KXCPIYOY-25APR,2025-05-13,2.7351330582192963,2.7,0.008222862353940522
2025-02-11,KXCPIYOY-25FEB,2025-03-12,2.757815030774214,2.8,0.02624520971252739
2025-02-11,KXCPIYOY-25JAN,2025-02-12,2.911557892139093,2.9,0.00675213514654273
2025-02-11,KXCPIYOY-25JUN,2025-06-10,2.9197364875305207,2.9,0.004978341961165088
2025-02-11,KXCPIYOY-25MAR,2025-04-10,2.8267438710551267,2.8,0.03764764291753559
2025-02-11,KXCPIYOY-25MAY,2025-06-10,2.497855821358632,2.5,0.011197125420446888
2025-02-12,KXCPIYOY-25APR,2025-05-13,2.7351330582192963,2.7,0.008222862353940522
2025-02-12,KXCPIYOY-25FEB,2025-03-12,2.878495218815897,2.9,0.022594634473657324
2025-02-12,KXCPIYOY-25JAN,2025-02-12,2.9197364875305207,2.9,0.004978341961165088
2025-02-12,KXCPIYOY-25JUN,2025-06-10,2.9197364875305207,2.9,0.004978341961165088
2025-02-12,KXCPIYOY-25MAR,2025-04-10,2.8267438710551267,2.8,0.03764764291753559
2025-02-12,KXCPIYOY-25MAY,2025-06-10,2.497855821358632,2.5,0.011197125420446888
2025-02-13,KXCPIYOY-25APR,2025-05-13,2.7351330582192963,2.7,0.008222862353940522
2025-02-13,KXCPIYOY-25FEB,2025-03-12,2.8942484842947493,2.9,0.015219825243399565
2025-02-13,KXCPIYOY-25JUN,2025-06-10,2.9197364875305207,2.9,0.004978341961165088
2025-02-13,KXCPIYOY-25MAR,2025-04-10,2.8267438710551267,2.8,0.03764764291753559
2025-02-13,KXCPIYOY-25MAY,2025-06-10,2.497855821358632,2.5,0.011197125420446888
2025-02-14,KXCPIYOY-25APR,2025-05-13,2.7351330582192963,2.7,0.008222862353940522
2025-02-14,KXCPIYOY-25FEB,2025-03-12,2.912136932602751,2.9,0.014763523659783876
2025-02-14,KXCPIYOY-25JUN,2025-06-10,2.9197364875305207,2.9,0.004978341961165088
2025-02-14,KXCPIYOY-25MAR,2025-04-10,2.8267438710551267,2.8,0.03764764291753559
2025-02-14,KXCPIYOY-25MAY,2025-06-10,2.497855821358632,2.5,0.011197125420446888
2025-02-15,KXCPIYOY-25APR,2025-05-13,2.7351330582192963,2.7,0.008222862353940522
2025-02-15,KXCPIYOY-25FEB,2025-03-12,2.9208535060153626,2.9,0.009635916623688097
2025-02-15,KXCPIYOY-25JUN,2025-06-10,2.9197364875305207,2.9,0.004978341961165088
2025-02-15,KXCPIYOY-25MAR,2025-04-10,2.8267438710551267,2.8,0.03764764291753559
2025-02-15,KXCPIYOY-25MAY,2025-06-10,2.497855821358632,2.5,0.011197125420446888
2025-02-16,KXCPIYOY-25APR,2025-05-13,2.7351330582192963,2.7,0.008222862353940522
2025-02-16,KXCPIYOY-25FEB,2025-03-12,2.9204176143914378,2.9,0.009471115148686971
2025-02-16,KXCPIYOY-25JUN,2025-06-10,2.9197364875305207,2.9,0.004978341961165088
2025-02-16,KXCPIYOY-25MAR,2025-04-10,2.8267438710551267,2.8,0.03764764291753559
2025-02-16,KXCPIYOY-25MAY,2025-06-10,2.497855821358632,2.5,0.011197125420446888
2025-02-17,KXCPIYOY-25APR,2025-05-13,2.7351330582192963,2.7,0.008222862353940522
2025-02-17,KXCPIYOY-25FEB,2025-03-12,2.9143583746014867,2.9,0.014272478390537434
2025-02-17,KXCPIYOY-25JUN,2025-06-10,2.9197364875305207,2.9,0.004978341961165088
2025-02-17,KXCPIYOY-25MAR,2025-04-10,2.8267438710551267,2.8,0.03764764291753559
2025-02-17,KXCPIYOY-25MAY,2025-06-10,2.497855821358632,2.5,0.011197125420446888
2025-02-18,KXCPIYOY-25APR,2025-05-13,2.7351330582192963,2.7,0.008222862353940522
2025-02-18,KXCPIYOY-25FEB,2025-03-12,2.913453872960223,2.9,0.014450491382502387
2025-02-18,KXCPIYOY-25JUN,2025-06-10,2.9197364875305207,2.9,0.004978341961165088
2025-02-18,KXCPIYOY-25MAR,2025-04-10,2.8267438710551267,2.8,0.03764764291753559
2025-02-18,KXCPIYOY-25MAY,2025-06-10,2.497855821358632,2.5,0.011197125420446888
2025-02-19,KXCPIYOY-25APR,2025-05-13,2.7351330582192963,2.7,0.008222862353940522
2025-02-19,KXCPIYOY-25FEB,2025-03-12,2.9005745512934014,2.9,0.010342456853514797
2025-02-19,KXCPIYOY-25JUN,2025-06-10,2.9197364875305207,2.9,0.004978341961165088
2025-02-19,KXCPIYOY-25MAR,2025-04-10,2.8267438710551267,2.8,0.03764764291753559
2025-02-19,KXCPIYOY-25MAY,2025-06-10,2.497855821358632,2.5,0.011197125420446888
2025-02-20,KXCPIYOY-25APR,2025-05-13,2.7351330582192963,2.7,0.008222862353940522
2025-02-20,KXCPIYOY-25FEB,2025-03-12,2.8979160382830456,2.9,0.012877564017932228
2025-02-20,KXCPIYOY-25JUN,2025-06-10,2.9197364875305207,2.9,0.004978341961165088
2025-02-20,KXCPIYOY-25MAR,2025-04-10,2.8267438710551267,2.8,0.03764764291753559
2025-02-20,KXCPIYOY-25MAY,2025-06-10,2.497855821358632,2.5,0.011197125420446888
2025-02-21,KXCPIYOY-25APR,2025-05-13,2.7351330582192963,2.7,0.008222862353940522
2025-02-21,KXCPIYOY-25FEB,2025-03-12,2.896412332137409,2.9,0.013932825160907472
2025-02-21,KXCPIYOY-25JUN,2025-06-10,2.9197364875305207,2.9,0.004978341961165088
2025-02-21,KXCPIYOY-25MAR,2025-04-10,2.8267438710551267,2.8,0.03764764291753559
2025-02-21,KXCPIYOY-25MAY,2025-06-10,2.497855821358632,2.5,0.011197125420446888
2025-02-22,KXCPIYOY-25APR,2025-05-13,2.7351330582192963,2.7,0.008222862353940522
2025-02-22,KXCPIYOY-25FEB,2025-03-12,2.907119103016733,2.9,0.014305339044324884
2025-02-22,KXCPIYOY-25JUN,2025-06-10,2.9197364875305207,2.9,0.004978341961165088
2025-02-22,KXCPIYOY-25MAR,2025-04-10,2.8267438710551267,2.8,0.03764764291753559
2025-02-22,KXCPIYOY-25MAY,2025-06-10,2.497855821358632,2.5,0.011197125420446888
2025-02-23,KXCPIYOY-25APR,2025-05-13,2.7351330582192963,2.7,0.008222862353940522
2025-02-23,KXCPIYOY-25FEB,2025-03-12,2.9071914804781693,2.9,0.012328002552910805
2025-02-23,KXCPIYOY-25JUN,2025-06-10,2.9197364875305207,2.9,0.004978341961165088
2025-02-23,KXCPIYOY-25MAR,2025-04-10,2.8267438710551267,2.8,0.03764764291753559
2025-02-23,KXCPIYOY-25MAY,2025-06-10,2.497855821358632,2.5,0.011197125420446888
2025-02-24,KXCPIYOY-25APR,2025-05-13,2.7351330582192963,2.7,0.008222862353940522
2025-02-24,KXCPIYOY-25FEB,2025-03-12,2.911995250088369,2.9,0.011832409890483255
2025-02-24,KXCPIYOY-25JUN,2025-06-10,2.9197364875305207,2.9,0.004978341961165088
2025-02-24,KXCPIYOY-25MAR,2025-04-10,2.7271199140942133,2.7,0.040968406700568456
2025-02-24,KXCPIYOY-25MAY,2025-06-10,2.497855821358632,2.5,0.011197125420446888
2025-02-25,KXCPIYOY-25APR,2025-05-13,2.7351330582192963,2.7,0.008222862353940522
2025-02-25,KXCPIYOY-25FEB,2025-03-12,2.907071854027908,2.9,0.011520436633407377
2025-02-25,KXCPIYOY-25JUN,2025-06-10,2.9197364875305207,2.9,0.004978341961165088
2025-02-25,KXCPIYOY-25MAR,2025-04-10,2.775800350124047,2.7,0.059381542915257025
2025-02-25,KXCPIYOY-25MAY,2025-06-10,2.497855821358632,2.5,0.011197125420446888
2025-02-26,KXCPIYOY-25APR,2025-05-13,2.7351330582192963,2.7,0.008222862353940522
2025-02-26,KXCPIYOY-25FEB,2025-03-12,2.906957424714434,2.9,0.0117584478238975
2025-02-26,KXCPIYOY-25JUN,2025-06-10,2.9197364875305207,2.9,0.004978341961165088
2025-02-26,KXCPIYOY-25MAR,2025-04-10,2.7271199140942133,2.7,0.040968406700568456
2025-02-26,KXCPIYOY-25MAY,2025-06-10,2.497855821358632,2.5,0.011197125420446888
2025-02-27,KXCPIYOY-25APR,2025-05-13,2.7351330582192963,2.7,0.008222862353940522
2025-02-27,KXCPIYOY-25FEB,2025-03-12,2.899103662300575,2.9,0.011274838968870824
2025-02-27,KXCPIYOY-25JUN,2025-06-10,2.9197364875305207,2.9,0.004978341961165088
2025-02-27,KXCPIYOY-25MAR,2025-04-10,2.7271199140942133,2.7,0.040968406700568456
2025-02-27,KXCPIYOY-25MAY,2025-06-10,2.497855821358632,2.5,0.011197125420446888
2025-02-28,KXCPIYOY-25APR,2025-05-13,2.7351330582192963,2.7,0.008222862353940522
2025-02-28,KXCPIYOY-25FEB,2025-03-12,2.8928319877670448,2.9,0.012921256568891575
2025-02-28,KXCPIYOY-25JUN,2025-06-10,2.9197364875305207,2.9,0.004978341961165088
2025-02-28,KXCPIYOY-25MAR,2025-04-10,2.7271199140942133,2.7,0.040968406700568456
2025-02-28,KXCPIYOY-25MAY,2025-06-10,2.497855821358632,2.5,0.011197125420446888
2025-03-01,KXCPIYOY-25APR,2025-05-13,2.7351330582192963,2.7,0.008222862353940522
2025-03-01,KXCPIYOY-25FEB,2025-03-12,2.8827729440847807,2.9,0.017292981717989386
2025-03-01,KXCPIYOY-25JUN,2025-06-10,2.9197364875305207,2.9,0.004978341961165088
2025-03-01,KXCPIYOY-25MAR,2025-04-10,2.7271199140942133,2.7,0.040968406700568456
2025-03-01,KXCPIYOY-25MAY,2025-06-10,2.497855821358632,2.5,0.011197125420446888
2025-03-02,KXCPIYOY-25APR,2025-05-13,2.7351330582192963,2.7,0.008222862353940522
2025-03-02,KXCPIYOY-25FEB,2025-03-12,2.8821911014297856,2.9,0.015706660374875978
2025-03-02,KXCPIYOY-25JUN,2025-06-10,2.9197364875305207,2.9,0.004978341961165088
2025-03-02,KXCPIYOY-25MAR,2025-04-10,2.7271199140942133,2.7,0.040968406700568456
2025-03-02,KXCPIYOY-25MAY,2025-06-10,2.497855821358632,2.5,0.011197125420446888
2025-03-03,KXCPIYOY-25APR,2025-05-13,2.7351330582192963,2.7,0.008222862353940522
2025-03-03,KXCPIYOY-25FEB,2025-03-12,2.8864716808619706,2.9,0.012591335609372091
2025-03-03,KXCPIYOY-25JUN,2025-06-10,2.9197364875305207,2.9,0.004978341961165088
2025-03-03,KXCPIYOY-25MAR,2025-04-10,2.7271199140942133,2.7,0.040968406700568456
2025-03-03,KXCPIYOY-25MAY,2025-06-10,2.497855821358632,2.5,0.011197125420446888
2025-03-04,KXCPIYOY-25APR,2025-05-13,2.7351330582192963,2.7,0.008222862353940522
2025-03-04,KXCPIYOY-25FEB,2025-03-12,2.8958657462460002,2.9,0.011139051360772334
2025-03-04,KXCPIYOY-25JUN,2025-06-10,2.9197364875305207,2.9,0.004978341961165088
2025-03-04,KXCPIYOY-25MAR,2025-04-10,2.715676919475374,2.7,0.037306524110286045
2025-03-04,KXCPIYOY-25MAY,2025-06-10,2.497855821358632,2.5,0.011197125420446888
2025-03-05,KXCPIYOY-25APR,2025-05-13,2.7351330582192963,2.7,0.008222862353940522
2025-03-05,KXCPIYOY-25FEB,2025-03-12,2.8965358338609923,2.9,0.011209476791953915
2025-03-05,KXCPIYOY-25JUN,2025-06-10,2.9197364875305207,2.9,0.004978341961165088
2025-03-05,KXCPIYOY-25MAR,2025-04-10,2.73139255117935,2.8,0.038014354748698416
2025-03-05,KXCPIYOY-25MAY,2025-06-10,2.497855821358632,2.5,0.011197125420446888
2025-03-06,KXCPIYOY-25APR,2025-05-13,2.7351330582192963,2.7,0.008222862353940522
2025-03-06,KXCPIYOY-25FEB,2025-03-12,2.8928862165407514,2.9,0.011239161783190524
2025-03-06,KXCPIYOY-25JUN,2025-06-10,2.9197364875305207,2.9,0.004978341961165088
2025-03-06,KXCPIYOY-25MAR,2025-04-10,2.73139255117935,2.8,0.038014354748698416
2025-03-06,KXCPIYOY-25MAY,2025-06-10,2.497855821358632,2.5,0.011197125420446888
2025-03-07,KXCPIYOY-25APR,2025-05-13,2.7351330582192963,2.7,0.008222862353940522
2025-03-07,KXCPIYOY-25FEB,2025-03-12,2.9022192483110874,2.9,0.00829448212798502
2025-03-07,KXCPIYOY-25JUN,2025-06-10,2.9197364875305207,2.9,0.004978341961165088
2025-03-07,KXCPIYOY-25MAR,2025-04-10,2.7250681464174455,2.7,0.03773899457724958
2025-03-07,KXCPIYOY-25MAY,2025-06-10,2.497855821358632,2.5,0.011197125420446888
2025-03-08,KXCPIYOY-25APR,2025-05-13,2.7351330582192963,2.7,0.008222862353940522
2025-03-08,KXCPIYOY-25FEB,2025-03-12,2.913254378144213,2.9,0.007046528224989925
2025-03-08,KXCPIYOY-25JUN,2025-06-10,2.9197364875305207,2.9,0.004978341961165088
2025-03-08,KXCPIYOY-25MAR,2025-04-10,2.7250681464174455,2.7,0.03773899457724958
2025-03-08,KXCPIYOY-25MAY,2025-06-10,2.497855821358632,2.5,0.011197125420446888
2025-03-09,KXCPIYOY-25APR,2025-05-13,2.7351330582192963,2.7,0.008222862353940522
2025-03-09,KXCPIYOY-25FEB,2025-03-12,2.910176898821951,2.9,0.006672158118409029
2025-03-09,KXCPIYOY-25JUN,2025-06-10,2.9197364875305207,2.9,0.004978341961165088
2025-03-09,KXCPIYOY-25MAR,2025-04-10,2.7250681464174455,2.7,0.03773899457724958
2025-03-09,KXCPIYOY-25MAY,2025-06-10,2.497855821358632,2.5,0.011197125420446888
2025-03-10,KXCPIYOY-25APR,2025-05-13,2.7351330582192963,2.7,0.008222862353940522
2025-03-10,KXCPIYOY-25FEB,2025-03-12,2.9077950919395215,2.9,0.00618490967915817
2025-03-10,KXCPIYOY-25JUN,2025-06-10,2.9197364875305207,2.9,0.004978341961165088
2025-03-10,KXCPIYOY-25MAR,2025-04-10,2.6512728307306905,2.6,0.0407928208898588
2025-03-10,KXCPIYOY-25MAY,2025-06-10,2.497855821358632,2.5,0.011197125420446888
2025-03-11,KXCPIYOY-25APR,2025-05-13,2.7351330582192963,2.7,0.008222862353940522
2025-03-11,KXCPIYOY-25FEB,2025-03-12,2.900148895905389,2.9,0.006688998366925236
2025-03-11,KXCPIYOY-25JUN,2025-06-10,2.9197364875305207,2.9,0.004978341961165088
2025-03-11,KXCPIYOY-25MAR,2025-04-10,2.6353459227105427,2.6,0.032782997288496075
2025-03-11,KXCPIYOY-25MAY,2025-06-10,2.497855821358632,2.5,0.011197125420446888
2025-03-12,KXCPIYOY-25APR,2025-05-13,2.7351330582192963,2.7,0.008222862353940522
2025-03-12,KXCPIYOY-25FEB,2025-03-12,2.900070075129149,2.9,0.007610728960086678
2025-03-12,KXCPIYOY-25JUN,2025-06-10,2.9197364875305207,2.9,0.004978341961165088
2025-03-12,KXCPIYOY-25MAR,2025-04-10,2.5985306275651325,2.6,0.03470806875470171
2025-03-12,KXCPIYOY-25MAY,2025-06-10,2.497855821358632,2.5,0.011197125420446888
2025-03-13,KXCPIYOY-25APR,2025-05-13,2.7351330582192963,2.7,0.008222862353940522
2025-03-13,KXCPIYOY-25JUN,2025-06-10,2.9197364875305207,2.9,0.004978341961165088
2025-03-13,KXCPIYOY-25MAR,2025-04-10,2.5748285431615607,2.5,0.03301845865739253
2025-03-13,KXCPIYOY-25MAY,2025-06-10,2.497855821358632,2.5,0.011197125420446888
2025-03-14,KXCPIYOY-25APR,2025-05-13,2.612576916487791,2.6,0.01945127789385279
2025-03-14,KXCPIYOY-25JUN,2025-06-10,2.9197364875305207,2.9,0.004978341961165088
2025-03-14,KXCPIYOY-25MAR,2025-04-10,2.559088575898697,2.5,0.03459118614572622
2025-03-14,KXCPIYOY-25MAY,2025-06-10,2.497855821358632,2.5,0.011197125420446888
2025-03-15,KXCPIYOY-25APR,2025-05-13,2.612576916487791,2.6,0.01945127789385279
2025-03-15,KXCPIYOY-25JUN,2025-06-10,2.9197364875305207,2.9,0.004978341961165088
2025-03-15,KXCPIYOY-25MAR,2025-04-10,2.5436724998190385,2.5,0.02585187395977793
2025-03-15,KXCPIYOY-25MAY,2025-06-10,2.497855821358632,2.5,0.011197125420446888
2025-03-16,KXCPIYOY-25APR,2025-05-13,2.570344378153055,2.5,0.011558674001523678
2025-03-16,KXCPIYOY-25JUN,2025-06-10,2.9197364875305207,2.9,0.004978341961165088
2025-03-16,KXCPIYOY-25MAR,2025-04-10,2.5297456961963043,2.5,0.025601746297288435
2025-03-16,KXCPIYOY-25MAY,2025-06-10,2.497855821358632,2.5,0.011197125420446888
2025-03-17,KXCPIYOY-25APR,2025-05-13,2.570344378153055,2.5,0.011558674001523678
2025-03-17,KXCPIYOY-25JUN,2025-06-10,2.9197364875305207,2.9,0.004978341961165088
2025-03-17,KXCPIYOY-25MAR,2025-04-10,2.531001438864198,2.5,0.024760443353399605
2025-03-17,KXCPIYOY-25MAY,2025-06-10,2.497855821358632,2.5,0.011197125420446888
2025-03-18,KXCPIYOY-25APR,2025-05-13,2.5632253570184607,2.5,0.01014396837130235
2025-03-18,KXCPIYOY-25JUN,2025-06-10,2.9197364875305207,2.9,0.004978341961165088
2025-03-18,KXCPIYOY-25MAR,2025-04-10,2.529021298627886,2.5,0.023473965331759383
2025-03-18,KXCPIYOY-25MAY,2025-06-10,2.497855821358632,2.5,0.011197125420446888
2025-03-19,KXCPIYOY-25APR,2025-05-13,2.5609265064437476,2.5,0.010199489896502828
2025-03-19,KXCPIYOY-25JUN,2025-06-10,2.9197364875305207,2.9,0.004978341961165088
2025-03-19,KXCPIYOY-25MAR,2025-04-10,2.5369114990063233,2.5,0.02481227387769927
2025-03-19,KXCPIYOY-25MAY,2025-06-10,2.497855821358632,2.5,0.011197125420446888
2025-03-20,KXCPIYOY-25APR,2025-05-13,2.5609265064437476,2.5,0.010199489896502828
2025-03-20,KXCPIYOY-25JUN,2025-06-10,2.9197364875305207,2.9,0.004978341961165088
2025-03-20,KXCPIYOY-25MAR,2025-04-10,2.5239227769103287,2.5,0.018655324993788455
2025-03-20,KXCPIYOY-25MAY,2025-06-10,2.497855821358632,2.5,0.011197125420446888
2025-03-21,KXCPIYOY-25APR,2025-05-13,2.5308115639150124,2.5,0.016203555923398828
2025-03-21,KXCPIYOY-25JUN,2025-06-10,2.9197364875305207,2.9,0.004978341961165088
2025-03-21,KXCPIYOY-25MAR,2025-04-10,2.5292041909327994,2.5,0.01960247658864783
2025-03-21,KXCPIYOY-25MAY,2025-06-10,2.497855821358632,2.5,0.011197125420446888
2025-03-22,KXCPIYOY-25APR,2025-05-13,2.5308115639150124,2.5,0.016203555923398828
2025-03-22,KXCPIYOY-25JUN,2025-06-10,2.9197364875305207,2.9,0.004978341961165088
2025-03-22,KXCPIYOY-25MAR,2025-04-10,2.5276415982360096,2.5,0.01919342151776195
2025-03-22,KXCPIYOY-25MAY,2025-06-10,2.497855821358632,2.5,0.011197125420446888
2025-03-23,KXCPIYOY-25APR,2025-05-13,2.5308115639150124,2.5,0.016203555923398828
2025-03-23,KXCPIYOY-25JUN,2025-06-10,2.9197364875305207,2.9,0.004978341961165088
2025-03-23,KXCPIYOY-25MAR,2025-04-10,2.5288001070168646,2.5,0.01920520659566916
2025-03-23,KXCPIYOY-25MAY,2025-06-10,2.497855821358632,2.5,0.011197125420446888
2025-03-24,KXCPIYOY-25APR,2025-05-13,2.5308115639150124,2.5,0.016203555923398828
2025-03-24,KXCPIYOY-25JUN,2025-06-10,2.9197364875305207,2.9,0.004978341961165088
2025-03-24,KXCPIYOY-25MAR,2025-04-10,2.5196173338884065,2.5,0.020035310671216035
2025-03-24,KXCPIYOY-25MAY,2025-06-10,2.497855821358632,2.5,0.011197125420446888
2025-03-25,KXCPIYOY-25APR,2025-05-13,2.5308115639150124,2.5,0.016203555923398828
2025-03-25,KXCPIYOY-25JUN,2025-06-10,2.9197364875305207,2.9,0.004978341961165088
2025-03-25,KXCPIYOY-25MAR,2025-04-10,2.528711695558631,2.5,0.019548272667516742
2025-03-25,KXCPIYOY-25MAY,2025-06-10,2.497855821358632,2.5,0.011197125420446888
2025-03-26,KXCPIYOY-25APR,2025-05-13,2.5308115639150124,2.5,0.016203555923398828
2025-03-26,KXCPIYOY-25JUN,2025-06-10,2.9197364875305207,2.9,0.004978341961165088
2025-03-26,KXCPIYOY-25MAR,2025-04-10,2.5254270846496225,2.5,0.019059694571466394
2025-03-26,KXCPIYOY-25MAY,2025-06-10,2.497855821358632,2.5,0.011197125420446888
2025-03-27,KXCPIYOY-25APR,2025-05-13,2.4904630751716796,2.5,0.015643687731705994
2025-03-27,KXCPIYOY-25JUN,2025-06-10,2.9197364875305207,2.9,0.004978341961165088
2025-03-27,KXCPIYOY-25MAR,2025-04-10,2.535376767925262,2.5,0.017858160439812462
2025-03-27,KXCPIYOY-25MAY,2025-06-10,2.497855821358632,2.5,0.011197125420446888
2025-03-28,KXCPIYOY-25APR,2025-05-13,2.490764472309299,2.5,0.015517129270698583
2025-03-28,KXCPIYOY-25JUN,2025-06-10,2.9197364875305207,2.9,0.004978341961165088
2025-03-28,KXCPIYOY-25MAR,2025-04-10,2.540240556954858,2.5,0.01782987298980102
2025-03-28,KXCPIYOY-25MAY,2025-06-10,2.497855821358632,2.5,0.011197125420446888
2025-03-29,KXCPIYOY-25APR,2025-05-13,2.500983908045977,2.5,0.016853284798520312
2025-03-29,KXCPIYOY-25JUN,2025-06-10,2.9197364875305207,2.9,0.004978341961165088
2025-03-29,KXCPIYOY-25MAR,2025-04-10,2.5341517080567635,2.5,0.017167509638972376
2025-03-29,KXCPIYOY-25MAY,2025-06-10,2.497855821358632,2.5,0.011197125420446888
2025-03-30,KXCPIYOY-25APR,2025-05-13,2.500983908045977,2.5,0.016853284798520312
2025-03-30,KXCPIYOY-25JUN,2025-06-10,2.9197364875305207,2.9,0.004978341961165088
2025-03-30,KXCPIYOY-25MAR,2025-04-10,2.535004901960784,2.5,0.017023186250480587
2025-03-30,KXCPIYOY-25MAY,2025-06-10,2.497855821358632,2.5,0.011197125420446888
2025-03-31,KXCPIYOY-25APR,2025-05-13,2.505581609195403,2.5,0.01590355828246799
2025-03-31,KXCPIYOY-25JUN,2025-06-10,2.9197364875305207,2.9,0.004978341961165088
2025-03-31,KXCPIYOY-25MAR,2025-04-10,2.54955611875391,2.5,0.016458372853713956
2025-03-31,KXCPIYOY-25MAY,2025-06-10,2.497855821358632,2.5,0.011197125420446888
2025-04-01,KXCPIYOY-25APR,2025-05-13,2.505581609195403,2.5,0.01590355828246799
2025-04-01,KXCPIYOY-25JUN,2025-06-10,2.9197364875305207,2.9,0.004978341961165088
2025-04-01,KXCPIYOY-25MAR,2025-04-10,2.5388494506796255,2.5,0.018340672241773815
2025-04-01,KXCPIYOY-25MAY,2025-06-10,2.497855821358632,2.5,0.011197125420446888
2025-04-02,KXCPIYOY-25APR,2025-05-13,2.531281488626316,2.5,0.01686142506445069
2025-04-02,KXCPIYOY-25JUN,2025-06-10,2.9197364875305207,2.9,0.004978341961165088
2025-04-02,KXCPIYOY-25MAR,2025-04-10,2.5259665329426304,2.5,0.01702925286640968
2025-04-02,KXCPIYOY-25MAY,2025-06-10,2.497855821358632,2.5,0.011197125420446888
2025-04-03,KXCPIYOY-25APR,2025-05-13,2.55632183908046,2.5,0.009126701017307455
2025-04-03,KXCPIYOY-25JUN,2025-06-10,2.9197364875305207,2.9,0.004978341961165088
2025-04-03,KXCPIYOY-25MAR,2025-04-10,2.5293520038407236,2.5,0.015460096806311432
2025-04-03,KXCPIYOY-25MAY,2025-06-10,2.497855821358632,2.5,0.011197125420446888
2025-04-04,KXCPIYOY-25APR,2025-05-13,2.55632183908046,2.5,0.009126701017307455
2025-04-04,KXCPIYOY-25JUN,2025-06-10,2.9197364875305207,2.9,0.004978341961165088
2025-04-04,KXCPIYOY-25MAR,2025-04-10,2.534517027297556,2.5,0.012868853481665837
2025-04-04,KXCPIYOY-25MAY,2025-06-10,2.497855821358632,2.5,0.011197125420446888
2025-04-05,KXCPIYOY-25APR,2025-05-13,2.55632183908046,2.5,0.009126701017307455
2025-04-05,KXCPIYOY-25JUN,2025-06-10,2.9197364875305207,2.9,0.004978341961165088
2025-04-05,KXCPIYOY-25MAR,2025-04-10,2.535730023181799,2.5,0.015109108999835592
2025-04-05,KXCPIYOY-25MAY,2025-06-10,2.497855821358632,2.5,0.011197125420446888
2025-04-06,KXCPIYOY-25APR,2025-05-13,2.546619148526296,2.5,0.013036312731645147
2025-04-06,KXCPIYOY-25JUN,2025-06-10,2.9197364875305207,2.9,0.004978341961165088
2025-04-06,KXCPIYOY-25MAR,2025-04-10,2.5315049395074443,2.5,0.01540024331043544
2025-04-06,KXCPIYOY-25MAY,2025-06-10,2.497855821358632,2.5,0.011197125420446888
2025-04-07,KXCPIYOY-25APR,2025-05-13,2.509108147856022,2.5,0.015862339186855746
2025-04-07,KXCPIYOY-25JUN,2025-06-10,2.9197364875305207,2.9,0.004978341961165088
2025-04-07,KXCPIYOY-25MAR,2025-04-10,2.5404040732021143,2.5,0.010466205213867192
2025-04-07,KXCPIYOY-25MAY,2025-06-10,2.497855821358632,2.5,0.011197125420446888
2025-04-08,KXCPIYOY-25APR,2025-05-13,2.606930058744451,2.6,0.05277183608401588
2025-04-08,KXCPIYOY-25JUN,2025-06-10,2.9197364875305207,2.9,0.004978341961165088
2025-04-08,KXCPIYOY-25MAR,2025-04-10,2.5378747574537335,2.5,0.01394226836417053
2025-04-08,KXCPIYOY-25MAY,2025-06-10,2.497855821358632,2.5,0.011197125420446888
2025-04-09,KXCPIYOY-25APR,2025-05-13,2.520353008236225,2.5,0.01568581877248845
2025-04-09,KXCPIYOY-25JUN,2025-06-10,2.9197364875305207,2.9,0.004978341961165088
2025-04-09,KXCPIYOY-25MAR,2025-04-10,2.4894794626098373,2.5,0.011239718592596579
2025-04-09,KXCPIYOY-25MAY,2025-06-10,2.497855821358632,2.5,0.011197125420446888
2025-04-10,KXCPIYOY-25APR,2025-05-13,2.47724259799842,2.5,0.015386058176005038
2025-04-10,KXCPIYOY-25JUN,2025-06-10,2.9197364875305207,2.9,0.004978341961165088
2025-04-10,KXCPIYOY-25MAR,2025-04-10,2.497855821358632,2.5,0.011197125420446888
2025-04-10,KXCPIYOY-25MAY,2025-06-10,2.497855821358632,2.5,0.011197125420446888
2025-04-11,KXCPIYOY-25APR,2025-05-13,2.4042825465554847,2.4,0.020122556692322317
2025-04-11,KXCPIYOY-25JUN,2025-06-10,2.9197364875305207,2.9,0.004978341961165088
2025-04-11,KXCPIYOY-25MAY,2025-06-10,2.497855821358632,2.5,0.011197125420446888
2025-04-12,KXCPIYOY-25APR,2025-05-13,2.444430022230596,2.4,0.03408724161892273
2025-04-12,KXCPIYOY-25JUN,2025-06-10,2.9197364875305207,2.9,0.004978341961165088
2025-04-12,KXCPIYOY-25MAY,2025-06-10,2.497855821358632,2.5,0.011197125420446888
2025-04-13,KXCPIYOY-25APR,2025-05-13,2.42918718499418,2.4,0.02648763873742965
2025-04-13,KXCPIYOY-25JUN,2025-06-10,2.9197364875305207,2.9,0.004978341961165088
2025-04-13,KXCPIYOY-25MAY,2025-06-10,2.497855821358632,2.5,0.011197125420446888
2025-04-14,KXCPIYOY-25APR,2025-05-13,2.380690263462217,2.4,0.016741050349706483
2025-04-14,KXCPIYOY-25JUN,2025-06-10,2.9197364875305207,2.9,0.004978341961165088
2025-04-14,KXCPIYOY-25MAY,2025-06-10,2.497855821358632,2.5,0.011197125420446888
2025-04-15,KXCPIYOY-25APR,2025-05-13,2.3657139739329622,2.4,0.016983532416697332
2025-04-15,KXCPIYOY-25JUN,2025-06-10,2.9197364875305207,2.9,0.004978341961165088
2025-04-15,KXCPIYOY-25MAY,2025-06-10,2.497855821358632,2.5,0.011197125420446888
2025-04-16,KXCPIYOY-25APR,2025-05-13,2.3522444448476785,2.3,0.01815468111257105
2025-04-16,KXCPIYOY-25JUN,2025-06-10,2.9197364875305207,2.9,0.004978341961165088
2025-04-16,KXCPIYOY-25MAY,2025-06-10,2.497855821358632,2.5,0.011197125420446888
2025-04-17,KXCPIYOY-25APR,2025-05-13,2.359746390459711,2.4,0.01786766625674544
2025-04-17,KXCPIYOY-25JUN,2025-06-10,2.9197364875305207,2.9,0.004978341961165088
2025-04-17,KXCPIYOY-25MAY,2025-06-10,2.497855821358632,2.5,0.011197125420446888
2025-04-18,KXCPIYOY-25APR,2025-05-13,2.3956337540177186,2.4,0.029490254435493655
2025-04-18,KXCPIYOY-25JUN,2025-06-10,2.9197364875305207,2.9,0.004978341961165088
2025-04-18,KXCPIYOY-25MAY,2025-06-10,2.497855821358632,2.5,0.011197125420446888
2025-04-19,KXCPIYOY-25APR,2025-05-13,2.3930312031199046,2.4,0.027469883911421897
2025-04-19,KXCPIYOY-25JUN,2025-06-10,2.9197364875305207,2.9,0.004978341961165088
2025-04-19,KXCPIYOY-25MAY,2025-06-10,2.497855821358632,2.5,0.011197125420446888
2025-04-20,KXCPIYOY-25APR,2025-05-13,2.4084829720270604,2.4,0.03250240794572944
2025-04-20,KXCPIYOY-25JUN,2025-06-10,2.9197364875305207,2.9,0.004978341961165088
2025-04-20,KXCPIYOY-25MAY,2025-06-10,2.497855821358632,2.5,0.011197125420446888
2025-04-21,KXCPIYOY-25APR,2025-05-13,2.3669796550920963,2.3,0.02370855813590383
2025-04-21,KXCPIYOY-25JUN,2025-06-10,2.9197364875305207,2.9,0.004978341961165088
2025-04-21,KXCPIYOY-25MAY,2025-06-10,2.497855821358632,2.5,0.011197125420446888
2025-04-22,KXCPIYOY-25APR,2025-05-13,2.3747995651248046,2.3,0.027690050287514825
2025-04-22,KXCPIYOY-25JUN,2025-06-10,2.9197364875305207,2.9,0.004978341961165088
2025-04-22,KXCPIYOY-25MAY,2025-06-10,2.497855821358632,2.5,0.011197125420446888
2025-04-23,KXCPIYOY-25APR,2025-05-13,2.3738408027978366,2.4,0.022586889754598542
2025-04-23,KXCPIYOY-25JUN,2025-06-10,2.9197364875305207,2.9,0.004978341961165088
2025-04-23,KXCPIYOY-25MAY,2025-06-10,2.5363458630854065,2.5,0.022847058391414727
2025-04-24,KXCPIYOY-25APR,2025-05-13,2.3675496611626734,2.3,0.023303271034229234
2025-04-24,KXCPIYOY-25JUN,2025-06-10,2.9197364875305207,2.9,0.004978341961165088
2025-04-24,KXCPIYOY-25MAY,2025-06-10,2.5363458630854065,2.5,0.022847058391414727
2025-04-25,KXCPIYOY-25APR,2025-05-13,2.37618271103287,2.4,0.026033082433023543
2025-04-25,KXCPIYOY-25JUN,2025-06-10,2.9197364875305207,2.9,0.004978341961165088
2025-04-25,KXCPIYOY-25MAY,2025-06-10,2.5363458630854065,2.5,0.022847058391414727
2025-04-26,KXCPIYOY-25APR,2025-05-13,2.3838872708589234,2.4,0.024412284225639975
2025-04-26,KXCPIYOY-25JUN,2025-06-10,2.9197364875305207,2.9,0.004978341961165088
2025-04-26,KXCPIYOY-25MAY,2025-06-10,2.5363458630854065,2.5,0.022847058391414727
2025-04-27,KXCPIYOY-25APR,2025-05-13,2.386575630187644,2.4,0.023615981627044955
2025-04-27,KXCPIYOY-25JUN,2025-06-10,2.9197364875305207,2.9,0.004978341961165088
2025-04-27,KXCPIYOY-25MAY,2025-06-10,2.5363458630854065,2.5,0.022847058391414727
2025-04-28,KXCPIYOY-25APR,2025-05-13,2.374852675884833,2.4,0.019920056183190874
2025-04-28,KXCPIYOY-25JUN,2025-06-10,2.9197364875305207,2.9,0.004978341961165088
2025-04-28,KXCPIYOY-25MAY,2025-06-10,2.5363458630854065,2.5,0.022847058391414727
2025-04-29,KXCPIYOY-25APR,2025-05-13,2.3959002186648077,2.4,0.030057015076596943
2025-04-29,KXCPIYOY-25JUN,2025-06-10,2.9197364875305207,2.9,0.004978341961165088
2025-04-29,KXCPIYOY-25MAY,2025-06-10,2.5363458630854065,2.5,0.022847058391414727
2025-04-30,KXCPIYOY-25APR,2025-05-13,2.3971733948477283,2.4,0.024417670208573928
2025-04-30,KXCPIYOY-25JUN,2025-06-10,2.9197364875305207,2.9,0.004978341961165088
2025-04-30,KXCPIYOY-25MAY,2025-06-10,2.5363458630854065,2.5,0.022847058391414727
2025-05-01,KXCPIYOY-25APR,2025-05-13,2.39468433199082,2.4,0.03304967083384766
2025-05-01,KXCPIYOY-25JUN,2025-06-10,2.9197364875305207,2.9,0.004978341961165088
2025-05-01,KXCPIYOY-25MAY,2025-06-10,2.5363458630854065,2.5,0.022847058391414727
2025-05-02,KXCPIYOY-25APR,2025-05-13,2.3890276986347887,2.4,0.02169706946538265
2025-05-02,KXCPIYOY-25JUN,2025-06-10,2.9197364875305207,2.9,0.004978341961165088
2025-05-02,KXCPIYOY-25MAY,2025-06-10,2.5363458630854065,2.5,0.022847058391414727
2025-05-03,KXCPIYOY-25APR,2025-05-13,2.3992511237600005,2.4,0.0215594041589611
2025-05-03,KXCPIYOY-25JUN,2025-06-10,2.9197364875305207,2.9,0.004978341961165088
2025-05-03,KXCPIYOY-25MAY,2025-06-10,2.5457208630854065,2.5,0.021140182833563354
2025-05-04,KXCPIYOY-25APR,2025-05-13,2.400833253971615,2.4,0.02340460110307445
2025-05-04,KXCPIYOY-25JUN,2025-06-10,2.9197364875305207,2.9,0.004978341961165088
2025-05-04,KXCPIYOY-25MAY,2025-06-10,2.550610632183908,2.5,0.01857721333523254
2025-05-05,KXCPIYOY-25APR,2025-05-13,2.3799669916447486,2.4,0.01691173310862985
2025-05-05,KXCPIYOY-25JUN,2025-06-10,2.9197364875305207,2.9,0.004978341961165088
2025-05-05,KXCPIYOY-25MAY,2025-06-10,2.5360272988505748,2.5,0.02421568316281875
2025-05-06,KXCPIYOY-25APR,2025-05-13,2.3858014473832703,2.4,0.018304021467361015
2025-05-06,KXCPIYOY-25JUN,2025-06-10,2.9197364875305207,2.9,0.004978341961165088
2025-05-06,KXCPIYOY-25MAY,2025-06-10,2.5360272988505748,2.5,0.02421568316281875
2025-05-07,KXCPIYOY-25APR,2025-05-13,2.4070687579237884,2.4,0.02566137236551032
2025-05-07,KXCPIYOY-25JUN,2025-06-10,2.9197364875305207,2.9,0.004978341961165088
2025-05-07,KXCPIYOY-25MAY,2025-06-10,2.5360272988505748,2.5,0.02421568316281875
2025-05-08,KXCPIYOY-25APR,2025-05-13,2.409093488960776,2.4,0.026410561859022477
2025-05-08,KXCPIYOY-25JUN,2025-06-10,2.9197364875305207,2.9,0.004978341961165088
2025-05-08,KXCPIYOY-25MAY,2025-06-10,2.5360272988505748,2.5,0.02421568316281875
2025-05-09,KXCPIYOY-25APR,2025-05-13,2.395580350041963,2.4,0.022636192549480242
2025-05-09,KXCPIYOY-25JUN,2025-06-10,2.9197364875305207,2.9,0.004978341961165088
2025-05-09,KXCPIYOY-25MAY,2025-06-10,2.5360272988505748,2.5,0.02421568316281875
2025-05-10,KXCPIYOY-25APR,2025-05-13,2.393885127267108,2.4,0.01966630843015143
2025-05-10,KXCPIYOY-25JUN,2025-06-10,2.9197364875305207,2.9,0.004978341961165088
2025-05-10,KXCPIYOY-25MAY,2025-06-10,2.5360272988505748,2.5,0.02421568316281875
2025-05-11,KXCPIYOY-25APR,2025-05-13,2.401382387194852,2.4,0.02205774402186916
2025-05-11,KXCPIYOY-25JUN,2025-06-10,2.9197364875305207,2.9,0.004978341961165088
2025-05-11,KXCPIYOY-25MAY,2025-06-10,2.5360272988505748,2.5,0.02421568316281875
2025-05-12,KXCPIYOY-25APR,2025-05-13,2.380621802724092,2.4,0.01663104093434121
2025-05-12,KXCPIYOY-25JUN,2025-06-10,2.9197364875305207,2.9,0.004978341961165088
2025-05-12,KXCPIYOY-25MAY,2025-06-10,2.5360272988505748,2.5,0.02421568316281875
2025-05-13,KXCPIYOY-25APR,2025-05-13,2.3819429346678973,2.4,0.014970675254979969
2025-05-13,KXCPIYOY-25JUN,2025-06-10,2.9197364875305207,2.9,0.004978341961165088
2025-05-13,KXCPIYOY-25MAY,2025-06-10,2.4722878998988005,2.5,0.027671755222509854
2025-05-14,KXCPIYOY-25JUN,2025-06-10,2.9197364875305207,2.9,0.004978341961165088
2025-05-14,KXCPIYOY-25MAY,2025-06-10,2.4691405706125606,2.5,0.029162949876034294
2025-05-15,KXCPIYOY-25JUN,2025-06-10,2.9197364875305207,2.9,0.004978341961165088
2025-05-15,KXCPIYOY-25MAY,2025-06-10,2.4649498227337507,2.5,0.02644024575571443
2025-05-16,KXCPIYOY-25JUN,2025-06-10,2.9197364875305207,2.9,0.004978341961165088
2025-05-16,KXCPIYOY-25MAY,2025-06-10,2.4650395130883815,2.5,0.027156922102146527
2025-05-17,KXCPIYOY-25JUN,2025-06-10,2.9197364875305207,2.9,0.004978341961165088
2025-05-17,KXCPIYOY-25MAY,2025-06-10,2.4669511280699763,2.5,0.024911438721247972
2025-05-18,KXCPIYOY-25JUN,2025-06-10,2.9197364875305207,2.9,0.004978341961165088
2025-05-18,KXCPIYOY-25MAY,2025-06-10,2.461974909799416,2.5,0.02504826857990941
2025-05-19,KXCPIYOY-25JUN,2025-06-10,2.9427300331024075,2.9,0.010188099634985038
2025-05-19,KXCPIYOY-25MAY,2025-06-10,2.4674033907161737,2.5,0.024702475982379884
2025-05-20,KXCPIYOY-25JUN,2025-06-10,2.8492262421548884,2.8,0.03718454160904971
2025-05-20,KXCPIYOY-25MAY,2025-06-10,2.4835591530891983,2.5,0.021312381265050282
2025-05-21,KXCPIYOY-25JUN,2025-06-10,2.8444976912517688,2.8,0.038100575089315684
2025-05-21,KXCPIYOY-25MAY,2025-06-10,2.476019999144369,2.5,0.017080610291303148
2025-05-22,KXCPIYOY-25JUN,2025-06-10,2.8378007148038353,2.8,0.03796341767051203
2025-05-22,KXCPIYOY-25MAY,2025-06-10,2.478905834169413,2.5,0.020705051705098843
2025-05-23,KXCPIYOY-25JUN,2025-06-10,2.8378007148038353,2.8,0.03796341767051203
2025-05-23,KXCPIYOY-25MAY,2025-06-10,2.472168987840719,2.5,0.02255764044149303
2025-05-24,KXCPIYOY-25JUN,2025-06-10,2.8378007148038353,2.8,0.03796341767051203
2025-05-24,KXCPIYOY-25MAY,2025-06-10,2.4716772665615334,2.5,0.021954130504551292
2025-05-25,KXCPIYOY-25JUN,2025-06-10,2.8378007148038353,2.8,0.03796341767051203
2025-05-25,KXCPIYOY-25MAY,2025-06-10,2.466067966714887,2.5,0.016184526404001632
2025-05-26,KXCPIYOY-25JUN,2025-06-10,2.8378007148038353,2.8,0.03796341767051203
2025-05-26,KXCPIYOY-25MAY,2025-06-10,2.4700165467888606,2.5,0.021641556663621452
2025-05-27,KXCPIYOY-25JUN,2025-06-10,2.841691142372166,2.8,0.038631710992394284
2025-05-27,KXCPIYOY-25MAY,2025-06-10,2.4602108570257637,2.5,0.017186136631570936
2025-05-28,KXCPIYOY-25JUN,2025-06-10,2.841691142372166,2.8,0.038631710992394284
2025-05-28,KXCPIYOY-25MAY,2025-06-10,2.4485273826715797,2.5,0.018436880822440462
2025-05-29,KXCPIYOY-25JUN,2025-06-10,2.841691142372166,2.8,0.038631710992394284
2025-05-29,KXCPIYOY-25MAY,2025-06-10,2.4449314372871807,2.4,0.017338933073397164
2025-05-30,KXCPIYOY-25JUN,2025-06-10,2.841691142372166,2.8,0.038631710992394284
2025-05-30,KXCPIYOY-25MAY,2025-06-10,2.438489713366343,2.4,0.019472920523263673
2025-05-31,KXCPIYOY-25JUN,2025-06-10,2.841691142372166,2.8,0.038631710992394284
2025-05-31,KXCPIYOY-25MAY,2025-06-10,2.435309448182585,2.4,0.019171715407051832
2025-06-01,KXCPIYOY-25JUN,2025-06-10,2.841691142372166,2.8,0.038631710992394284
2025-06-01,KXCPIYOY-25MAY,2025-06-10,2.4345977155420315,2.4,0.018699642849383965
2025-06-02,KXCPIYOY-25JUN,2025-06-10,2.841691142372166,2.8,0.038631710992394284
2025-06-02,KXCPIYOY-25MAY,2025-06-10,2.4412274614818186,2.4,0.01669673487123476
2025-06-03,KXCPIYOY-25JUN,2025-06-10,2.841691142372166,2.8,0.038631710992394284
2025-06-03,KXCPIYOY-25MAY,2025-06-10,2.4397501321958885,2.4,0.01800585298975922
2025-06-04,KXCPIYOY-25JUN,2025-06-10,2.841691142372166,2.8,0.038631710992394284
2025-06-04,KXCPIYOY-25MAY,2025-06-10,2.4366484069081165,2.4,0.01771702243980389
2025-06-05,KXCPIYOY-25JUN,2025-06-10,2.841691142372166,2.8,0.038631710992394284
2025-06-05,KXCPIYOY-25MAY,2025-06-10,2.435370142299588,2.4,0.017646599149255256
2025-06-06,KXCPIYOY-25JUN,2025-06-10,2.841691142372166,2.8,0.038631710992394284
2025-06-06,KXCPIYOY-25MAY,2025-06-10,2.4285888075095086,2.4,0.017778916735377483
2025-06-07,KXCPIYOY-25JUN,2025-06-10,2.836086549152672,2.8,0.0385700507678133
2025-06-07,KXCPIYOY-25MAY,2025-06-10,2.42482529747144,2.4,0.016705748049979027
2025-06-08,KXCPIYOY-25JUN,2025-06-10,2.836086549152672,2.8,0.0385700507678133
2025-06-08,KXCPIYOY-25MAY,2025-06-10,2.419523699857818,2.4,0.015292258071464088
2025-06-09,KXCPIYOY-25JUN,2025-06-10,2.8293865680111754,2.8,0.03869515364706553
2025-06-09,KXCPIYOY-25MAY,2025-06-10,2.409446816532272,2.4,0.01034862166060453
2025-06-10,KXCPIYOY-25JUN,2025-06-10,2.8267438710551267,2.8,0.03764764291753559
2025-06-10,KXCPIYOY-25MAY,2025-06-10,2.4156542055506667,2.4,0.008615920758916245
